	sequence_id	cluster_id
963	AB570685.1	Alveolata
954	AB570676.1	Alveolata
1420	KY923425.1	Alveolata
1217	AB570939.1	Alveolata
6	MT471317.1	Alveolata
22	NC_056101.1	Alveolata
48	KF501573.1	Alveolata
628	AY282948.1	Alveolata
229	AY598036.1	Alveolata
511	KJ418723.1	Alveolata
722	AB570671.1	Alveolata
753	AB570463.1	Alveolata
1467	KY923473.1	Alveolata
247	AY598084.1	Alveolata
97	MW934557.1	Alveolata
1569	JN788740.1	Alveolata
1282	KY923510.1	Alveolata
71	MG831586.1	Alveolata
502	HM032052.1	Alveolata
742	AB570452.1	Alveolata
1528	KY923384.1	Alveolata
1083	AB570805.1	Alveolata
650	AY282970.1	Alveolata
348	KY923347.1	Alveolata
1327	KY923555.1	Alveolata
113	KP796149.1	Alveolata
1532	KY923388.1	Alveolata
843	AB570555.1	Alveolata
1244	AB570966.1	Alveolata
1505	NC_028626.1	Alveolata
1514	JX444719.1	Alveolata
712	KC138226.1	Alveolata
1385	KY923613.1	Alveolata
118	KT203396.1	Alveolata
958	AB570680.1	Alveolata
1415	KY923643.1	Alveolata
433	JQ240371.1	Alveolata
799	AB570510.1	Alveolata
671	AY282992.1	Alveolata
401	JQ240420.1	Alveolata
260	AY598111.1	Alveolata
451	JQ240418.1	Alveolata
394	AY598135.1	Alveolata
266	AY598124.1	Alveolata
1093	AB570815.1	Alveolata
1359	KY923587.1	Alveolata
1367	KY923595.1	Alveolata
405	JQ240428.1	Alveolata
213	AY598090.1	Alveolata
800	AB570511.1	Alveolata
1550	KY923406.1	Alveolata
81	KP025690.1	Alveolata
1411	KY923639.1	Alveolata
883	AB570595.1	Alveolata
1249	AB570971.1	Alveolata
172	MT684459.1	Alveolata
509	DQ642845.1	Alveolata
1040	AB570762.1	Alveolata
728	AB570437.1	Alveolata
1183	AB570905.1	Alveolata
300	KY923299.1	Alveolata
95	MW303519.1	Alveolata
66	MN260354.1	Alveolata
96	KT369006.1	Alveolata
633	AY282953.1	Alveolata
60	MW934556.1	Alveolata
1122	AB570844.1	Alveolata
1036	AB570758.1	Alveolata
295	KY923294.1	Alveolata
1476	KY923482.1	Alveolata
941	AB570658.1	Alveolata
617	AY282937.1	Alveolata
1245	AB570967.1	Alveolata
381	AY598072.1	Alveolata
235	AY598062.1	Alveolata
1117	AB570839.1	Alveolata
1045	AB570767.1	Alveolata
1019	AB570741.1	Alveolata
934	AB570649.1	Alveolata
133	KP658101.1	Alveolata
1137	AB570859.1	Alveolata
209	AY598060.1	Alveolata
346	KY923345.1	Alveolata
1501	AB550274.1	Alveolata
1145	AB570867.1	Alveolata
1135	AB570857.1	Alveolata
64	MN260350.1	Alveolata
1555	KY923411.1	Alveolata
1276	KY923504.1	Alveolata
355	KY923354.1	Alveolata
1055	AB570777.1	Alveolata
286	MF197853.1	Alveolata
427	JQ240362.1	Alveolata
67	MN260358.1	Alveolata
404	JQ240424.1	Alveolata
1378	KY923606.1	Alveolata
846	AB570558.1	Alveolata
1388	KY923616.1	Alveolata
1252	AB570975.1	Alveolata
411	JQ240338.1	Alveolata
191	AY598061.1	Alveolata
692	AY283013.1	Alveolata
1022	AB570744.1	Alveolata
815	AB570527.1	Alveolata
937	AB570653.1	Alveolata
1609	AB685182.1	Alveolata
344	KY923343.1	Alveolata
323	KY923322.1	Alveolata
1362	KY923590.1	Alveolata
483	JQ240388.1	Alveolata
930	AB570644.1	Alveolata
1044	AB570766.1	Alveolata
871	AB570583.1	Alveolata
611	AY282931.1	Alveolata
786	AB570497.1	Alveolata
1225	AB570947.1	Alveolata
627	AY282947.1	Alveolata
1414	KY923642.1	Alveolata
974	AB570696.1	Alveolata
90	MN260363.1	Alveolata
1444	KY923450.1	Alveolata
1076	AB570798.1	Alveolata
1487	KY923493.1	Alveolata
1263	AB570986.1	Alveolata
413	JQ240343.1	Alveolata
1520	KY923376.1	Alveolata
725	AB570434.1	Alveolata
440	JQ240387.1	Alveolata
582	KT119873.1	Alveolata
1162	AB570884.1	Alveolata
1254	AB570977.1	Alveolata
674	AY282995.1	Alveolata
428	JQ240363.1	Alveolata
1146	AB570868.1	Alveolata
1335	KY923563.1	Alveolata
720	AB570667.1	Alveolata
223	AY598127.1	Alveolata
1333	KY923561.1	Alveolata
318	KY923317.1	Alveolata
1211	AB570933.1	Alveolata
210	AY598067.1	Alveolata
122	HQ702482.1	Alveolata
379	AY598063.1	Alveolata
506	NC_012425.1	Alveolata
1598	JN788765.1	Alveolata
328	KY923327.1	Alveolata
1539	KY923395.1	Alveolata
734	AB570444.1	Alveolata
1258	AB570981.1	Alveolata
543	KJ569490.1	Alveolata
1559	KY923415.1	Alveolata
782	AB570493.1	Alveolata
1077	AB570799.1	Alveolata
84	MN260356.1	Alveolata
830	AB570542.1	Alveolata
703	MN605892.1	Alveolata
134	KT203399.1	Alveolata
385	AY598101.1	Alveolata
641	AY282961.1	Alveolata
1428	KY923433.1	Alveolata
1376	KY923604.1	Alveolata
1012	AB570734.1	Alveolata
604	AY282924.1	Alveolata
1398	KY923626.1	Alveolata
1602	JN788772.1	Alveolata
931	AB570645.1	Alveolata
197	NC_012451.1	Alveolata
188	AY598041.1	Alveolata
496	LC090215.1	Alveolata
1635	KY923449.1	Alveolata
164	HQ702480.1	Alveolata
1300	KY923528.1	Alveolata
359	KY923358.1	Alveolata
494	JQ240417.1	Alveolata
589	KT119880.1	Alveolata
554	KJ569501.1	Alveolata
301	KY923300.1	Alveolata
1452	KY923458.1	Alveolata
466	JQ240344.1	Alveolata
402	JQ240421.1	Alveolata
793	AB570504.1	Alveolata
599	NC_007232.1	Alveolata
1283	KY923511.1	Alveolata
1338	KY923566.1	Alveolata
1202	AB570924.1	Alveolata
1346	KY923574.1	Alveolata
341	KY923340.1	Alveolata
358	KY923357.1	Alveolata
75	MN260345.1	Alveolata
913	AB570625.1	Alveolata
1418	KY923646.1	Alveolata
31	LN871601.1	Alveolata
1061	AB570783.1	Alveolata
894	AB570606.1	Alveolata
1419	KY923647.1	Alveolata
288	MF197855.1	Alveolata
791	AB570502.1	Alveolata
1590	JN788742.1	Alveolata
57	KP658102.1	Alveolata
836	AB570548.1	Alveolata
1011	AB570733.1	Alveolata
973	AB570695.1	Alveolata
545	KJ569492.1	Alveolata
63	MN260349.1	Alveolata
978	AB570700.1	Alveolata
1625	MW172709.1	Alveolata
1410	KY923638.1	Alveolata
1289	KY923517.1	Alveolata
234	AY598059.1	Alveolata
135	HQ702479.1	Alveolata
195	AY598118.1	Alveolata
145	MT936931.1	Alveolata
1029	AB570751.1	Alveolata
112	MW599989.1	Alveolata
654	AY282975.1	Alveolata
663	AY282984.1	Alveolata
121	KJ608417.1	Alveolata
553	KJ569500.1	Alveolata
99	KT369005.1	Alveolata
610	AY282930.1	Alveolata
219	AY598114.1	Alveolata
1128	AB570850.1	Alveolata
718	AB570654.1	Alveolata
687	AY283008.1	Alveolata
1553	KY923409.1	Alveolata
439	JQ240384.1	Alveolata
1203	AB570925.1	Alveolata
484	JQ240389.1	Alveolata
1626	MW172710.1	Alveolata
1408	KY923636.1	Alveolata
1173	AB570895.1	Alveolata
201	AY598039.1	Alveolata
984	AB570706.1	Alveolata
46	KC409030.1	Alveolata
1206	AB570928.1	Alveolata
523	KJ569468.1	Alveolata
840	AB570552.1	Alveolata
1640	MW491390.1	Alveolata
614	AY282934.1	Alveolata
20	NC_014262.1	Alveolata
1268	AB570991.1	Alveolata
1614	JX893150.1	Alveolata
215	AY598096.1	Alveolata
421	JQ240352.1	Alveolata
1510	AB550279.1	Alveolata
1298	KY923526.1	Alveolata
700	DQ396548.1	Alveolata
98	NC_058604.1	Alveolata
1266	AB570989.1	Alveolata
36	NC_058856.1	Alveolata
609	AY282929.1	Alveolata
1518	KY923374.1	Alveolata
1425	KY923430.1	Alveolata
1622	MW218514.1	Alveolata
1314	KY923542.1	Alveolata
1313	KY923541.1	Alveolata
1390	KY923618.1	Alveolata
975	AB570697.1	Alveolata
635	AY282955.1	Alveolata
601	NC_015303.1	Alveolata
1531	KY923387.1	Alveolata
1421	KY923426.1	Alveolata
24	NC_001324.2	Alveolata
749	AB570459.1	Alveolata
546	KJ569493.1	Alveolata
299	KY923298.1	Alveolata
939	AB570656.1	Alveolata
1150	AB570872.1	Alveolata
503	AY733086.1	Alveolata
814	AB570526.1	Alveolata
737	AB570447.1	Alveolata
912	AB570624.1	Alveolata
1593	JN788748.1	Alveolata
160	KX094967.1	Alveolata
603	AY282973.1	Alveolata
175	NC_009902.1	Alveolata
1427	KY923432.1	Alveolata
916	AB570629.1	Alveolata
469	JQ240359.1	Alveolata
409	NC_012448.1	Alveolata
1493	KY923499.1	Alveolata
676	AY282997.1	Alveolata
917	AB570630.1	Alveolata
306	KY923305.1	Alveolata
284	MF197851.1	Alveolata
396	JQ240402.1	Alveolata
715	AB570640.1	Alveolata
1445	KY923451.1	Alveolata
770	AB570481.1	Alveolata
1582	JN788756.1	Alveolata
1116	AB570838.1	Alveolata
174	EU075182.1	Alveolata
183	KX090647.1	Alveolata
1465	KY923471.1	Alveolata
1351	KY923579.1	Alveolata
457	JQ240331.1	Alveolata
869	AB570581.1	Alveolata
93	MN260366.1	Alveolata
309	KY923308.1	Alveolata
1565	KY923421.1	Alveolata
1380	KY923608.1	Alveolata
1054	AB570776.1	Alveolata
241	AY598078.1	Alveolata
1194	AB570916.1	Alveolata
1546	KY923402.1	Alveolata
1599	JN788768.1	Alveolata
1136	AB570858.1	Alveolata
473	JQ240368.1	Alveolata
1472	KY923478.1	Alveolata
662	AY282983.1	Alveolata
1549	KY923405.1	Alveolata
1485	KY923491.1	Alveolata
1151	AB570873.1	Alveolata
426	JQ240361.1	Alveolata
694	AY283015.1	Alveolata
2138	NC_026126.1	Stramenopiles
1756	BK011983.1	Stramenopiles
1942	NC_022258.1	Stramenopiles
2081	MW023083.1	Stramenopiles
1826	NC_056792.1	Stramenopiles
1905	BK014412.1	Stramenopiles
2103	NC_056119.1	Stramenopiles
1957	CP044615.1	Stramenopiles
2031	KT336421.1	Stramenopiles
1890	KT072718.1	Stramenopiles
2194	MT845205.1	Stramenopiles
2251	EF494740.3	Stramenopiles
2245	AY500368.1	Stramenopiles
2179	KY084909.1	Stramenopiles
1729	MW438344.1	Stramenopiles
1929	MG488291.1	Stramenopiles
1768	MW438982.1	Stramenopiles
1802	MZ488959.1	Stramenopiles
1937	NC_063791.1	Stramenopiles
1782	MW849266.1	Stramenopiles
1974	MT732098.1	Stramenopiles
1859	LC228561.1	Stramenopiles
1642	MW971521.1	Stramenopiles
2009	KU556731.1	Stramenopiles
1773	NC_056364.1	Stramenopiles
1971	NC_015619.1	Stramenopiles
2036	MW018491.1	Stramenopiles
1831	BK059193.1	Stramenopiles
1710	NC_059933.1	Stramenopiles
1894	MT872227.1	Stramenopiles
1746	KC568458.1	Stramenopiles
2224	MH590366.1	Stramenopiles
1716	NC_028331.1	Stramenopiles
1908	NC_063456.1	Stramenopiles
1889	LC228562.1	Stramenopiles
2228	MH643730.1	Stramenopiles
2153	NC_034272.1	Stramenopiles
1984	HM590421.1	Stramenopiles
1708	MW413901.1	Stramenopiles
2125	NC_057078.1	Stramenopiles
1709	MW417226.1	Stramenopiles
2090	BK014407.1	Stramenopiles
2147	NC_063978.1	Stramenopiles
1874	MZ156061.1	Stramenopiles
2150	MW682824.1	Stramenopiles
1884	NC_016738.1	Stramenopiles
2034	KR350664.1	Stramenopiles
2041	MZ156054.1	Stramenopiles
2203	MH590363.1	Stramenopiles
2086	KJ995702.1	Stramenopiles
2107	NC_063458.1	Stramenopiles
1762	MZ156063.1	Stramenopiles
2158	NC_063977.1	Stramenopiles
1811	NC_009384.1	Stramenopiles
1950	NC_063800.1	Stramenopiles
2136	NC_032287.1	Stramenopiles
2247	KU183024.1	Stramenopiles
2097	BK014403.1	Stramenopiles
1961	NC_021639.1	Stramenopiles
2237	MG762007.1	Stramenopiles
1759	MW413902.1	Stramenopiles
1851	KC568457.1	Stramenopiles
1997	AP011496.1	Stramenopiles
1797	MZ488962.1	Stramenopiles
1687	NC_022178.1	Stramenopiles
1816	MW417227.1	Stramenopiles
2102	BK014406.1	Stramenopiles
2087	NC_025240.1	Stramenopiles
2202	MH590362.1	Stramenopiles
1696	BK059194.1	Stramenopiles
2100	MN883601.1	Stramenopiles
1953	BK014415.1	Stramenopiles
2056	MZ156060.1	Stramenopiles
1713	MN883608.1	Stramenopiles
1938	KJ410687.1	Stramenopiles
1800	MZ488954.1	Stramenopiles
2254	KU900235.1	Stramenopiles
1750	NC_053869.1	Stramenopiles
1793	MW729336.1	Stramenopiles
1790	MH286886.1	Stramenopiles
1726	NC_044635.1	Stramenopiles
2261	NC_011212.1	Stramenopiles
1869	LC228566.1	Stramenopiles
1933	BK059192.1	Stramenopiles
2159	MT920491.1	Stramenopiles
2126	LC537470.1	Stramenopiles
1853	MZ156049.1	Stramenopiles
2020	NC_013478.1	Stramenopiles
2264	NC_027962.1	Stramenopiles
1685	NC_005984.1	Stramenopiles
2084	NC_063793.1	Stramenopiles
1855	KU561547.1	Stramenopiles
1786	AY898627.1	Stramenopiles
2033	NC_021640.1	Stramenopiles
1913	NC_058766.1	Stramenopiles
1724	MF997423.1	Stramenopiles
1991	BK011990.1	Stramenopiles
2062	NC_042395.1	Stramenopiles
2098	MW287989.1	Stramenopiles
2130	MG182051.1	Stramenopiles
1741	NC_060304.1	Stramenopiles
1680	KF226725.1	Stramenopiles
2216	MG681097.1	Stramenopiles
2071	NC_056122.1	Stramenopiles
1902	BK011987.1	Stramenopiles
1644	NC_032029.1	Stramenopiles
1763	KU501222.1	Stramenopiles
2070	MN883604.1	Stramenopiles
1863	MT032128.1	Stramenopiles
1943	KC568456.1	Stramenopiles
2221	MH590359.1	Stramenopiles
2243	MG940856.1	Stramenopiles
1670	NC_032052.1	Stramenopiles
1922	NC_058767.1	Stramenopiles
1910	NC_022257.1	Stramenopiles
1645	BK059196.1	Stramenopiles
1719	BK011991.1	Stramenopiles
1780	BK011978.1	Stramenopiles
2174	NC_033408.1	Stramenopiles
2110	MG922856.1	Stramenopiles
1697	NC_063813.1	Stramenopiles
1871	LC384963.1	Stramenopiles
2173	KT266809.1	Stramenopiles
1848	NC_063789.1	Stramenopiles
2022	NC_028211.1	Stramenopiles
2077	NC_056120.1	Stramenopiles
2016	MG712780.1	Stramenopiles
2030	MK170141.1	Stramenopiles
2148	MW682828.1	Stramenopiles
2265	MT267870.1	Stramenopiles
2170	NC_038156.1	Stramenopiles
2060	NC_023354.1	Stramenopiles
2182	NC_033385.1	Stramenopiles
1692	KU501220.1	Stramenopiles
1844	NC_058763.1	Stramenopiles
2026	KX073815.1	Stramenopiles
2188	MW682830.1	Stramenopiles
2006	KT336420.1	Stramenopiles
1818	NC_063794.1	Stramenopiles
1854	MW438984.1	Stramenopiles
1980	NC_032046.1	Stramenopiles
2211	MH814646.1	Stramenopiles
2129	NC_025302.1	Stramenopiles
2011	MF622087.1	Stramenopiles
1872	KU726247.1	Stramenopiles
2186	KJ938301.1	Stramenopiles
1661	BK059195.1	Stramenopiles
2072	MT032127.1	Stramenopiles
1662	NC_063814.1	Stramenopiles
1825	MT383643.1	Stramenopiles
1918	BK012088.1	Stramenopiles
1897	MT872230.1	Stramenopiles
1677	MG271846.1	Stramenopiles
2198	MG681098.1	Stramenopiles
2066	NC_056287.1	Stramenopiles
1760	AF287134.1	Stramenopiles
1932	NC_063803.1	Stramenopiles
2256	HQ909887.2	Stramenopiles
1930	BK012097.1	Stramenopiles
1658	MZ156046.1	Stramenopiles
1701	NC_063454.1	Stramenopiles
1814	BK059191.1	Stramenopiles
2069	NC_030223.1	Stramenopiles
1899	MW648547.1	Stramenopiles
2043	NC_035725.1	Stramenopiles
2248	MH259702.1	Stramenopiles
2176	NC_026700.1	Stramenopiles
1817	BK011982.1	Stramenopiles
2172	NC_050651.1	Stramenopiles
2161	MT740313.1	Stramenopiles
1921	MZ488958.1	Stramenopiles
1727	MN105125.1	Stramenopiles
2235	KJ938300.1	Stramenopiles
2045	NC_058793.1	Stramenopiles
1784	MH286884.1	Stramenopiles
1966	MZ156055.1	Stramenopiles
1707	NC_037727.1	Stramenopiles
1936	BK011979.1	Stramenopiles
2160	NC_063107.1	Stramenopiles
1924	MN883607.1	Stramenopiles
2116	NC_044492.1	Stramenopiles
1873	LC384959.1	Stramenopiles
1992	KM675818.1	Stramenopiles
2168	NC_063979.1	Stramenopiles
2240	NC_002174.1	Stramenopiles
1934	NC_063811.1	Stramenopiles
1912	MZ488957.1	Stramenopiles
1994	KX073817.1	Stramenopiles
2187	NC_024614.1	Stramenopiles
1960	JN099683.1	Stramenopiles
1916	MG488292.1	Stramenopiles
1715	KT893455.1	Stramenopiles
2047	NC_013475.1	Stramenopiles
1679	MW645083.1	Stramenopiles
2065	MN561186.1	Stramenopiles
2035	NC_029206.1	Stramenopiles
2142	MW435847.1	Stramenopiles
1796	MZ488956.1	Stramenopiles
2183	OK235333.1	Stramenopiles
1804	MW438349.1	Stramenopiles
1838	MZ488960.1	Stramenopiles
1785	MH286887.1	Stramenopiles
1945	KJ957769.1	Stramenopiles
2149	NC_063980.1	Stramenopiles
2236	NC_024613.1	Stramenopiles
1653	NC_057169.1	Stramenopiles
1747	NC_022255.1	Stramenopiles
1721	KT893456.1	Stramenopiles
1885	LC228563.1	Stramenopiles
2124	MW122841.1	Stramenopiles
2089	BK014404.1	Stramenopiles
1743	KJ410686.1	Stramenopiles
1682	MW387419.1	Stramenopiles
1998	AP011497.1	Stramenopiles
1694	BK014413.1	Stramenopiles
1738	NC_020015.1	Stramenopiles
2157	MW682825.1	Stramenopiles
1778	MW256714.1	Stramenopiles
1878	LC228560.1	Stramenopiles
1956	CP044583.1	Stramenopiles
1810	DQ832718.1	Stramenopiles
1712	NC_007405.1	Stramenopiles
1643	KY021079.1	Stramenopiles
1915	NC_063804.1	Stramenopiles
1666	NC_032051.1	Stramenopiles
1842	MZ488966.1	Stramenopiles
1689	NC_013710.1	Stramenopiles
1772	MW013551.1	Stramenopiles
1728	NC_045922.1	Stramenopiles
2028	MK170139.1	Stramenopiles
1941	KC568462.1	Stramenopiles
1766	NC_056125.1	Stramenopiles
1975	NC_056140.1	Stramenopiles
1656	MW849269.1	Stramenopiles
1850	NC_056171.1	Stramenopiles
2044	MW438983.1	Stramenopiles
2029	MK170140.1	Stramenopiles
2255	NC_018042.1	Stramenopiles
2146	MW682826.1	Stramenopiles
1717	AF193903.1	Stramenopiles
1711	DQ186202.1	Stramenopiles
1972	HM590420.1	Stramenopiles
1952	NC_059753.1	Stramenopiles
1901	NC_028615.1	Stramenopiles
1959	BK012093.1	Stramenopiles
2018	NC_040854.1	Stramenopiles
1702	BK011985.1	Stramenopiles
1769	NC_058792.1	Stramenopiles
2001	NC_013482.1	Stramenopiles
1659	MZ156047.1	Stramenopiles
2193	NC_024861.1	Stramenopiles
2260	KU900236.1	Stramenopiles
2175	KP280065.1	Stramenopiles
2137	KM886611.1	Stramenopiles
1951	MW566731.1	Stramenopiles
1812	MH271689.1	Stramenopiles
1673	NC_014338.1	Stramenopiles
1657	LC650202.1	Stramenopiles
2010	KX073816.1	Stramenopiles
2012	MG712781.1	Stramenopiles
2108	KY678904.1	Stramenopiles
1925	MT742552.1	Stramenopiles
2094	MT032126.1	Stramenopiles
2115	MH681882.1	Stramenopiles
2189	KJ946428.1	Stramenopiles
1989	BK012094.1	Stramenopiles
1864	LC228565.1	Stramenopiles
2218	MG774888.1	Stramenopiles
2088	BK014408.1	Stramenopiles
2059	KF319031.1	Stramenopiles
1736	MW438348.1	Stramenopiles
1900	KT874463.1	Stramenopiles
1893	NC_022256.1	Stramenopiles
2171	MT712045.1	Stramenopiles
2014	MG712777.1	Stramenopiles
1647	GU138662.1	Stramenopiles
2135	KU255794.1	Stramenopiles
2212	MH814647.1	Stramenopiles
1650	NC_003055.1	Stramenopiles
2205	MH602244.1	Stramenopiles
2134	LC600866.1	Stramenopiles
2106	MW849270.1	Stramenopiles
1668	NC_056788.1	Stramenopiles
1865	KU561548.1	Stramenopiles
2232	MT795186.1	Stramenopiles
1875	LC384965.1	Stramenopiles
2222	MH590361.1	Stramenopiles
2120	NC_058790.1	Stramenopiles
2049	BK012091.1	Stramenopiles
1820	MW861541.1	Stramenopiles
2099	AP018512.1	Stramenopiles
1988	MH297491.1	Stramenopiles
2123	MF997419.1	Stramenopiles
1880	MZ156057.1	Stramenopiles
1735	MW438347.1	Stramenopiles
2156	KT280278.1	Stramenopiles
1761	NC_002571.1	Stramenopiles
1676	NC_031848.1	Stramenopiles
1948	NC_057230.1	Stramenopiles
1996	AP011494.1	Stramenopiles
1982	MG271845.1	Stramenopiles
1973	NC_015622.1	Stramenopiles
2131	NC_037990.1	Stramenopiles
2241	MF997421.1	Stramenopiles
1883	AB546637.2	Stramenopiles
1646	NC_063815.1	Stramenopiles
1946	NC_025227.1	Stramenopiles
1674	MW645081.1	Stramenopiles
2024	JF937591.1	Stramenopiles
1833	MZ488963.1	Stramenopiles
1867	GQ222228.1	Stramenopiles
2019	AP011495.1	Stramenopiles
1655	NC_027966.1	Stramenopiles
2083	BK011981.1	Stramenopiles
2046	AP011499.1	Stramenopiles
2409	NC_039146.1	Rhodophyta
2377	MZ748310.1	Rhodophyta
2453	MF372958.1	Rhodophyta
2441	MG592728.1	Rhodophyta
2301	NC_024288.1	Rhodophyta
2294	NC_062398.1	Rhodophyta
2369	MF401962.1	Rhodophyta
2551	NC_040985.1	Rhodophyta
2339	KF649305.1	Rhodophyta
2505	MT742595.1	Rhodophyta
2356	KY212107.1	Rhodophyta
2266	MZ748316.1	Rhodophyta
2515	MT742597.1	Rhodophyta
2367	KP728466.1	Rhodophyta
2437	HQ586061.1	Rhodophyta
2499	MZ336093.1	Rhodophyta
2514	MT117917.1	Rhodophyta
2506	NC_052712.1	Rhodophyta
2332	MZ748314.1	Rhodophyta
2338	MG787097.1	Rhodophyta
2273	MZ748309.1	Rhodophyta
2284	KF515974.1	Rhodophyta
2425	MZ336088.1	Rhodophyta
2324	MZ748312.1	Rhodophyta
2420	MK408747.1	Rhodophyta
2478	NC_058681.1	Rhodophyta
2464	NC_058671.1	Rhodophyta
2302	KJ708761.1	Rhodophyta
2543	NC_031837.1	Rhodophyta
2417	KJ526627.1	Rhodophyta
2378	NC_062302.1	Rhodophyta
2559	NC_031836.1	Rhodophyta
2371	NC_035351.1	Rhodophyta
2310	KJ708764.1	Rhodophyta
2562	KX427236.1	Rhodophyta
2392	KF186230.1	Rhodophyta
2325	KJ708767.1	Rhodophyta
2352	MH281623.1	Rhodophyta
2500	KX687880.1	Rhodophyta
2318	MT270117.1	Rhodophyta
2532	NC_039407.1	Rhodophyta
2276	NC_062303.1	Rhodophyta
2447	NC_058678.1	Rhodophyta
2406	MH281624.1	Rhodophyta
2347	KM999231.1	Rhodophyta
2341	MG598532.1	Rhodophyta
2274	NC_062397.1	Rhodophyta
2296	KP890080.1	Rhodophyta
2330	NC_051882.1	Rhodophyta
2470	NC_058675.1	Rhodophyta
2366	KX687878.1	Rhodophyta
2548	MG922863.1	Rhodophyta
2457	KY009863.1	Rhodophyta
2349	NC_062395.1	Rhodophyta
2558	NC_031844.1	Rhodophyta
2269	MZ748320.1	Rhodophyta
2340	NC_026056.1	Rhodophyta
2439	JQ071938.1	Rhodophyta
2278	NC_026905.1	Rhodophyta
2516	KF833365.1	Rhodophyta
2345	JQ388471.1	Rhodophyta
2577	MT270115.1	Rhodophyta
2361	NC_061754.1	Rhodophyta
2533	KY083064.1	Rhodophyta
2572	NC_023077.1	Rhodophyta
2350	ON000901.1	Rhodophyta
2483	MH396018.1	Rhodophyta
2493	KY083066.1	Rhodophyta
2518	MT742599.1	Rhodophyta
2535	MG787096.1	Rhodophyta
2424	MZ336082.1	Rhodophyta
2573	MG787094.1	Rhodophyta
2416	NC_063816.1	Rhodophyta
2393	NC_023454.1	Rhodophyta
2333	LC519602.1	Rhodophyta
2474	NC_058676.1	Rhodophyta
2313	NC_058738.1	Rhodophyta
2334	NC_000887.3	Rhodophyta
2295	KF561997.1	Rhodophyta
2329	MN431656.1	Rhodophyta
2445	NC_039405.1	Rhodophyta
2550	MG922857.1	Rhodophyta
2283	NC_017837.1	Rhodophyta
2268	MT483995.1	Rhodophyta
2460	NC_058683.1	Rhodophyta
2442	MH396019.1	Rhodophyta
2485	MZ336096.1	Rhodophyta
2522	MF351970.1	Rhodophyta
2397	MW292567.1	Rhodophyta
2454	NC_038101.1	Rhodophyta
2413	MT193839.1	Rhodophyta
2542	KX427230.1	Rhodophyta
2336	MH281625.1	Rhodophyta
2501	NC_032003.1	Rhodophyta
2507	MF680514.1	Rhodophyta
2395	NC_023252.1	Rhodophyta
2368	NC_026831.1	Rhodophyta
2372	LC650807.1	Rhodophyta
2410	MH396024.1	Rhodophyta
2471	MG592725.1	Rhodophyta
2555	NC_031838.1	Rhodophyta
2290	NC_017751.1	Rhodophyta
2465	MG592726.1	Rhodophyta
2316	KF649304.1	Rhodophyta
2277	KP710961.1	Rhodophyta
2321	NC_026054.1	Rhodophyta
2303	KJ708771.1	Rhodophyta
2381	MT211883.1	Rhodophyta
2540	MK611801.1	Rhodophyta
2536	NC_039406.1	Rhodophyta
2498	NC_039152.1	Rhodophyta
2328	KJ708770.1	Rhodophyta
2380	NC_046496.1	Rhodophyta
2375	NC_039150.1	Rhodophyta
2530	NC_014771.1	Rhodophyta
2337	MH281622.1	Rhodophyta
2554	KX427231.1	Rhodophyta
2286	KJ708765.1	Rhodophyta
2563	NC_031843.1	Rhodophyta
2348	MZ748307.1	Rhodophyta
2520	MT742600.1	Rhodophyta
2422	MZ336077.1	Rhodophyta
2459	MZ336094.1	Rhodophyta
2527	NC_036231.1	Rhodophyta
2435	MK598844.1	Rhodophyta
2311	KF515971.1	Rhodophyta
2571	KC875854.1	Rhodophyta
2300	KJ708762.1	Rhodophyta
2568	KX427234.1	Rhodophyta
2327	KJ569774.1	Rhodophyta
2331	MT270119.1	Rhodophyta
2450	NC_038211.1	Rhodophyta
2267	NC_062400.1	Rhodophyta
2419	NC_027064.1	Rhodophyta
2541	MW810348.1	Rhodophyta
2476	NC_058680.1	Rhodophyta
2482	MZ336087.1	Rhodophyta
2404	KX247283.1	Rhodophyta
2396	MH396022.1	Rhodophyta
2448	NC_001677.2	Rhodophyta
2466	NC_037890.1	Rhodophyta
2287	NC_024289.1	Rhodophyta
2534	NC_035349.1	Rhodophyta
2579	NC_024666.1	Rhodophyta
2398	NC_057487.1	Rhodophyta
2477	MZ336090.1	Rhodophyta
2511	MT742596.1	Rhodophyta
2481	MH281621.1	Rhodophyta
2272	NC_062402.1	Rhodophyta
2293	MZ748311.1	Rhodophyta
2389	NC_042172.1	Rhodophyta
2509	KF824534.1	Rhodophyta
2436	NC_042900.1	Rhodophyta
2280	NC_021475.1	Rhodophyta
2412	KY054924.1	Rhodophyta
2544	KX427233.1	Rhodophyta
2463	MZ336076.1	Rhodophyta
2411	NC_039151.1	Rhodophyta
2364	HQ586060.1	Rhodophyta
2525	NC_031814.1	Rhodophyta
2467	KX980031.1	Rhodophyta
2488	MZ336079.1	Rhodophyta
2355	NC_023094.1	Rhodophyta
2480	NC_044414.1	Rhodophyta
2479	LC484362.1	Rhodophyta
2415	OM960741.1	Rhodophyta
2517	NC_024265.1	Rhodophyta
2363	NC_058684.1	Rhodophyta
2288	KJ708763.1	Rhodophyta
2539	NC_051456.1	Rhodophyta
2580	MZ748319.1	Rhodophyta
2556	KX427228.1	Rhodophyta
2560	KX427235.1	Rhodophyta
2360	MN882544.1	Rhodophyta
2322	MZ393458.1	Rhodophyta
2438	NC_014773.1	Rhodophyta
2359	NC_058686.1	Rhodophyta
2569	NC_031841.1	Rhodophyta
2374	MH396023.1	Rhodophyta
2270	NC_062403.1	Rhodophyta
2578	KJ700460.1	Rhodophyta
2547	NC_040155.1	Rhodophyta
2451	MG592727.1	Rhodophyta
2576	NC_053318.1	Rhodophyta
2490	MN912388.1	Rhodophyta
2440	MH396021.1	Rhodophyta
2342	NC_037842.1	Rhodophyta
2455	MZ336091.1	Rhodophyta
2434	NC_031166.1	Rhodophyta
2449	MG733298.1	Rhodophyta
2365	NC_014772.1	Rhodophyta
2387	NC_027061.1	Rhodophyta
2519	MT742604.1	Rhodophyta
2308	NC_053320.1	Rhodophyta
2414	NC_047435.1	Rhodophyta
2291	AF114794.1	Rhodophyta
2494	NC_035158.1	Rhodophyta
2456	NC_058682.1	Rhodophyta
2403	NC_026843.1	Rhodophyta
2282	JQ736809.1	Rhodophyta
2373	MZ336097.1	Rhodophyta
2504	MW750196.1	Rhodophyta
2468	NC_034681.1	Rhodophyta
2285	MW822750.1	Rhodophyta
2495	KX687877.1	Rhodophyta
2429	NC_039149.1	Rhodophyta
2401	NC_058673.1	Rhodophyta
2275	MZ748321.1	Rhodophyta
2462	NC_037892.1	Rhodophyta
2400	MZ336078.1	Rhodophyta
2574	NC_039404.1	Rhodophyta
2549	NC_040157.1	Rhodophyta
2472	NC_037889.1	Rhodophyta
2382	KC875851.1	Rhodophyta
2326	KJ708769.1	Rhodophyta
2390	MZ336086.1	Rhodophyta
2430	MT032181.1	Rhodophyta
2557	KX427237.1	Rhodophyta
2458	MZ336081.1	Rhodophyta
2314	MZ393457.1	Rhodophyta
2343	KJ689442.1	Rhodophyta
2323	MZ393459.1	Rhodophyta
2443	NC_039148.1	Rhodophyta
2299	KJ708766.1	Rhodophyta
2545	NC_031840.1	Rhodophyta
2357	NC_038145.1	Rhodophyta
2407	NC_039980.1	Rhodophyta
2431	NC_053772.1	Rhodophyta
2385	NC_033904.1	Rhodophyta
2362	MZ336095.1	Rhodophyta
2297	NC_027616.1	Rhodophyta
2475	MZ336089.1	Rhodophyta
2386	KR005619.1	Rhodophyta
2391	MT211882.1	Rhodophyta
2379	MN967053.1	Rhodophyta
2423	NC_058672.1	Rhodophyta
2497	MH396025.1	Rhodophyta
2484	NC_039147.1	Rhodophyta
2426	NC_058679.1	Rhodophyta
2491	MZ336084.1	Rhodophyta
2351	NC_063817.1	Rhodophyta
2317	NC_026055.1	Rhodophyta
2281	MK695879.1	Rhodophyta
2566	KX427232.1	Rhodophyta
2575	MT270116.1	Rhodophyta
2546	MG922859.1	Rhodophyta
2320	KF649303.1	Rhodophyta
2486	NC_058685.1	Rhodophyta
2319	NC_053319.1	Rhodophyta
2537	MG787098.1	Rhodophyta
2354	KC875853.1	Rhodophyta
2408	MH396017.1	Rhodophyta
2524	KU885455.1	Rhodophyta
2344	NC_024579.1	Rhodophyta
2508	NC_036431.1	Rhodophyta
2523	MT742602.1	Rhodophyta
2358	MZ336099.1	Rhodophyta
2307	MT270118.1	Rhodophyta
2552	MT742603.1	Rhodophyta
2489	NC_058674.1	Rhodophyta
2469	MZ336080.1	Rhodophyta
2446	MZ336085.1	Rhodophyta
2383	NC_023251.1	Rhodophyta
2346	NC_018544.1	Rhodophyta
2304	KJ708772.1	Rhodophyta
2418	KJ526626.1	Rhodophyta
2421	NC_041635.1	Rhodophyta
2510	NC_023784.1	Rhodophyta
2315	MT588076.1	Rhodophyta
2271	MZ748318.1	Rhodophyta
2512	NC_052713.1	Rhodophyta
2370	KY083068.1	Rhodophyta
2428	MH396020.1	Rhodophyta
2461	MG592729.1	Rhodophyta
2553	NC_052714.1	Rhodophyta
2503	NC_036432.1	Rhodophyta
2528	KX687879.1	Rhodophyta
2538	MH898940.1	Rhodophyta
2394	KC875852.1	Rhodophyta
2452	NC_037891.1	Rhodophyta
2399	MZ336098.1	Rhodophyta
2570	KX427229.1	Rhodophyta
2432	MZ336092.1	Rhodophyta
2444	MG787095.1	Rhodophyta
2561	NC_031842.1	Rhodophyta
2289	JQ736808.1	Rhodophyta
2335	AP019296.1	Rhodophyta
2521	MT742601.1	Rhodophyta
2376	MT211881.1	Rhodophyta
2565	NC_026053.1	Rhodophyta
2279	KC750917.1	Rhodophyta
2306	KU356193.1	Rhodophyta
2567	NC_031839.1	Rhodophyta
2564	KF290995.1	Rhodophyta
2502	MF680515.1	Rhodophyta
2487	MT117919.1	Rhodophyta
2433	KX525587.1	Rhodophyta
2388	MH026109.1	Rhodophyta
2384	KU641510.1	Rhodophyta
2312	MZ393456.1	Rhodophyta
2531	MG787099.1	Rhodophyta
2309	KJ708768.1	Rhodophyta
2298	KF515975.1	Rhodophyta
2492	NC_058677.1	Rhodophyta
2473	MZ336083.1	Rhodophyta
2496	NC_032002.1	Rhodophyta
2526	MF488959.1	Rhodophyta
2427	KT373903.1	Rhodophyta
2292	NC_002007.1	Rhodophyta
2402	KJ398158.1	Rhodophyta
2529	HQ586059.1	Rhodophyta
2513	MT742598.1	Rhodophyta
2353	NC_039979.1	Rhodophyta
2405	NC_031160.1	Rhodophyta
2305	MZ748313.1	Rhodophyta
