	sequence_id	cluster_id
0	MW182675.1	Pezizomycotina
1	NC_063726.1	Pezizomycotina
2	BK010543.1	Pezizomycotina
3	MW182664.1	Pezizomycotina
4	MW182663.1	Pezizomycotina
5	MW182648.1	Pezizomycotina
6	MT036720.1	Pezizomycotina
7	MT036719.1	Pezizomycotina
8	MT036726.1	Pezizomycotina
9	MT036696.1	Pezizomycotina
10	MT036725.1	Pezizomycotina
11	MT036752.1	Pezizomycotina
12	KP966558.1	Pezizomycotina
13	KP966557.1	Pezizomycotina
14	MN935421.1	Pezizomycotina
15	MN935417.1	Pezizomycotina
16	MN935422.1	Pezizomycotina
17	MW182650.1	Pezizomycotina
18	NC_063716.1	Pezizomycotina
19	MH337273.1	Pezizomycotina
20	NC_040008.1	Pezizomycotina
21	MW182656.1	Pezizomycotina
22	MW182655.1	Pezizomycotina
23	NC_063719.1	Pezizomycotina
24	CP064803.1	Pezizomycotina
25	MN935306.1	Pezizomycotina
26	CP072760.1	Pezizomycotina
27	NW_025064823.1	Pezizomycotina
28	BK010547.1	Pezizomycotina
29	MT036691.1	Pezizomycotina
30	MT036728.1	Pezizomycotina
31	MT036724.1	Pezizomycotina
32	MT036754.1	Pezizomycotina
33	MT036693.1	Pezizomycotina
34	MT036751.1	Pezizomycotina
35	MT036695.1	Pezizomycotina
36	MT036740.1	Pezizomycotina
37	MT036733.1	Pezizomycotina
38	MT036730.1	Pezizomycotina
39	MT036731.1	Pezizomycotina
40	MT036699.1	Pezizomycotina
41	MT036684.1	Pezizomycotina
42	MT036739.1	Pezizomycotina
43	MW182667.1	Pezizomycotina
44	NC_063722.1	Pezizomycotina
45	BK010540.1	Pezizomycotina
46	KP966554.1	Pezizomycotina
47	KR011238.1	Pezizomycotina
48	MT036729.1	Pezizomycotina
49	KP966551.1	Pezizomycotina
50	MT036750.1	Pezizomycotina
51	BK010546.1	Pezizomycotina
52	MT036744.1	Pezizomycotina
53	MT331849.1	Pezizomycotina
54	MK111108.1	Pezizomycotina
55	MT036692.1	Pezizomycotina
56	MT036680.1	Pezizomycotina
57	MT036686.1	Pezizomycotina
58	MN935402.1	Pezizomycotina
59	MN935322.1	Pezizomycotina
60	MT331848.1	Pezizomycotina
61	MN935384.1	Pezizomycotina
62	MN935397.1	Pezizomycotina
63	BK010539.1	Pezizomycotina
64	KP966550.1	Pezizomycotina
65	MT036742.1	Pezizomycotina
66	MT036743.1	Pezizomycotina
67	MT036710.1	Pezizomycotina
68	MT036748.1	Pezizomycotina
69	MT036747.1	Pezizomycotina
70	BK010544.1	Pezizomycotina
71	BK010542.1	Pezizomycotina
72	MT036681.1	Pezizomycotina
73	MT036688.1	Pezizomycotina
74	MT036689.1	Pezizomycotina
75	MT036717.1	Pezizomycotina
76	MT036755.1	Pezizomycotina
77	MT036756.1	Pezizomycotina
78	MT036734.1	Pezizomycotina
79	MT036738.1	Pezizomycotina
80	MT036690.1	Pezizomycotina
81	MT036706.1	Pezizomycotina
82	BK010545.1	Pezizomycotina
83	MT036700.1	Pezizomycotina
84	KP966560.1	Pezizomycotina
85	MT036721.1	Pezizomycotina
86	MT036682.1	Pezizomycotina
87	KP966555.1	Pezizomycotina
88	MT036741.1	Pezizomycotina
89	MW182668.1	Pezizomycotina
90	MN935410.1	Pezizomycotina
91	MN935409.1	Pezizomycotina
92	MN935419.1	Pezizomycotina
93	MN935420.1	Pezizomycotina
94	MN935224.1	Pezizomycotina
95	MN935350.1	Pezizomycotina
96	MN935359.1	Pezizomycotina
97	KP966553.1	Pezizomycotina
98	MN935328.1	Pezizomycotina
99	DQ364632.1	Pezizomycotina
100	NC_009493.1	Pezizomycotina
101	MW182673.1	Pezizomycotina
102	NC_063725.1	Pezizomycotina
103	HG970331.1	Pezizomycotina
104	MH412632.1	Pezizomycotina
105	CP087875.1	Pezizomycotina
106	MT036642.1	Pezizomycotina
107	MT036712.1	Pezizomycotina
108	MT036702.1	Pezizomycotina
109	MT036643.1	Pezizomycotina
110	MN935330.1	Pezizomycotina
111	MN935353.1	Pezizomycotina
112	MN935423.1	Pezizomycotina
113	MN935347.1	Pezizomycotina
114	MT036694.1	Pezizomycotina
115	MT036718.1	Pezizomycotina
116	MT036753.1	Pezizomycotina
117	MT036685.1	Pezizomycotina
118	KP966561.1	Pezizomycotina
119	MT036714.1	Pezizomycotina
120	MT036683.1	Pezizomycotina
121	MT036697.1	Pezizomycotina
122	MT036705.1	Pezizomycotina
123	MT036749.1	Pezizomycotina
124	MN935243.1	Pezizomycotina
125	KP966559.1	Pezizomycotina
126	MT036698.1	Pezizomycotina
127	KP966556.1	Pezizomycotina
128	MT036716.1	Pezizomycotina
129	MT036737.1	Pezizomycotina
130	MT036722.1	Pezizomycotina
131	MT036757.1	Pezizomycotina
132	MT036713.1	Pezizomycotina
133	MT036701.1	Pezizomycotina
134	MT036709.1	Pezizomycotina
135	MT036715.1	Pezizomycotina
136	MW182665.1	Pezizomycotina
137	MT036703.1	Pezizomycotina
138	MT036704.1	Pezizomycotina
139	MN935354.1	Pezizomycotina
140	MN935355.1	Pezizomycotina
141	MN935377.1	Pezizomycotina
142	MN935256.1	Pezizomycotina
143	MT036711.1	Pezizomycotina
144	MT036745.1	Pezizomycotina
145	MT036708.1	Pezizomycotina
146	MT036687.1	Pezizomycotina
147	MN935255.1	Pezizomycotina
148	MN935285.1	Pezizomycotina
149	MN935249.1	Pezizomycotina
150	MN935291.1	Pezizomycotina
151	MN935427.1	Pezizomycotina
152	MN935245.1	Pezizomycotina
153	MN935288.1	Pezizomycotina
154	MN935287.1	Pezizomycotina
155	MN935263.1	Pezizomycotina
156	MN935230.1	Pezizomycotina
157	MN935271.1	Pezizomycotina
158	MN935240.1	Pezizomycotina
159	MN935391.1	Pezizomycotina
160	MN935259.1	Pezizomycotina
161	MN935260.1	Pezizomycotina
162	MN935280.1	Pezizomycotina
163	MN935345.1	Pezizomycotina
164	MN935235.1	Pezizomycotina
165	MN935332.1	Pezizomycotina
166	MN935251.1	Pezizomycotina
167	MN935298.1	Pezizomycotina
168	MN935339.1	Pezizomycotina
169	MN935393.1	Pezizomycotina
170	MN935424.1	Pezizomycotina
171	MN935238.1	Pezizomycotina
172	MN935296.1	Pezizomycotina
173	MN935301.1	Pezizomycotina
174	MN935310.1	Pezizomycotina
175	MN935274.1	Pezizomycotina
176	MN935342.1	Pezizomycotina
177	MN935395.1	Pezizomycotina
178	MN935311.1	Pezizomycotina
179	MW182672.1	Pezizomycotina
180	MW182666.1	Pezizomycotina
181	MT036735.1	Pezizomycotina
182	MT036727.1	Pezizomycotina
183	MT036723.1	Pezizomycotina
184	MN935318.1	Pezizomycotina
185	MW525445.1	Pezizomycotina
186	MT036645.1	Pezizomycotina
187	MN935293.1	Pezizomycotina
188	MG720066.1	Pezizomycotina
189	MN935385.1	Pezizomycotina
190	MN935333.1	Pezizomycotina
191	MT036646.1	Pezizomycotina
192	MN935244.1	Pezizomycotina
193	MN935307.1	Pezizomycotina
194	MN935334.1	Pezizomycotina
195	MW182670.1	Pezizomycotina
196	MW182653.1	Pezizomycotina
197	NC_063718.1	Pezizomycotina
198	MW182662.1	Pezizomycotina
199	MT036640.1	Pezizomycotina
200	MW182674.1	Pezizomycotina
201	CP083252.1	Pezizomycotina
202	MT036707.1	Pezizomycotina
203	MT036746.1	Pezizomycotina
204	MN935341.1	Pezizomycotina
205	MN935381.1	Pezizomycotina
206	MN935361.1	Pezizomycotina
207	MW182659.1	Pezizomycotina
208	MW182658.1	Pezizomycotina
209	NC_063720.1	Pezizomycotina
210	BK010538.1	Pezizomycotina
211	MN935340.1	Pezizomycotina
212	MN935338.1	Pezizomycotina
213	MN935425.1	Pezizomycotina
214	KM486533.1	Pezizomycotina
215	NC_025928.1	Pezizomycotina
216	MK307887.1	Pezizomycotina
217	MN935229.1	Pezizomycotina
218	MN935363.1	Pezizomycotina
219	MN935394.1	Pezizomycotina
220	MN935228.1	Pezizomycotina
221	MN935313.1	Pezizomycotina
222	MN935289.1	Pezizomycotina
223	MN935316.1	Pezizomycotina
224	MN935329.1	Pezizomycotina
225	MN935399.1	Pezizomycotina
226	MN935411.1	Pezizomycotina
227	MN935237.1	Pezizomycotina
228	MN935268.1	Pezizomycotina
229	MN935223.1	Pezizomycotina
230	MN935261.1	Pezizomycotina
231	MN935413.1	Pezizomycotina
232	MN935226.1	Pezizomycotina
233	MN935304.1	Pezizomycotina
234	MN935344.1	Pezizomycotina
235	MN935386.1	Pezizomycotina
236	MN935232.1	Pezizomycotina
237	MN935366.1	Pezizomycotina
238	MW182652.1	Pezizomycotina
239	NC_063717.1	Pezizomycotina
240	MN935314.1	Pezizomycotina
241	MN935315.1	Pezizomycotina
242	MN935227.1	Pezizomycotina
243	MN935335.1	Pezizomycotina
244	MN935220.1	Pezizomycotina
245	MN935233.1	Pezizomycotina
246	MN935239.1	Pezizomycotina
247	MN935252.1	Pezizomycotina
248	MN935254.1	Pezizomycotina
249	MN935286.1	Pezizomycotina
250	MN935321.1	Pezizomycotina
251	MN935357.1	Pezizomycotina
252	MN935392.1	Pezizomycotina
253	MN935222.1	Pezizomycotina
254	MN935262.1	Pezizomycotina
255	MN935282.1	Pezizomycotina
256	MN935284.1	Pezizomycotina
257	MN935302.1	Pezizomycotina
258	MN935323.1	Pezizomycotina
259	MN935326.1	Pezizomycotina
260	MN935358.1	Pezizomycotina
261	MN935369.1	Pezizomycotina
262	MN935376.1	Pezizomycotina
263	MN935379.1	Pezizomycotina
264	MN935387.1	Pezizomycotina
265	MN935388.1	Pezizomycotina
266	MN935401.1	Pezizomycotina
267	MN935418.1	Pezizomycotina
268	MN935231.1	Pezizomycotina
269	MN935242.1	Pezizomycotina
270	MN935247.1	Pezizomycotina
271	MN935250.1	Pezizomycotina
272	MN935253.1	Pezizomycotina
273	MN935275.1	Pezizomycotina
274	MN935277.1	Pezizomycotina
275	MN935278.1	Pezizomycotina
276	MN935292.1	Pezizomycotina
277	MN935365.1	Pezizomycotina
278	MN935383.1	Pezizomycotina
279	MN935389.1	Pezizomycotina
280	MN935390.1	Pezizomycotina
281	MN935221.1	Pezizomycotina
282	MN935266.1	Pezizomycotina
283	MN935273.1	Pezizomycotina
284	MN935305.1	Pezizomycotina
285	MN935398.1	Pezizomycotina
286	MN935248.1	Pezizomycotina
287	MT036644.1	Pezizomycotina
288	MT036639.1	Pezizomycotina
289	NC_046567.1	Pezizomycotina
290	MN935343.1	Pezizomycotina
291	MW182661.1	Pezizomycotina
292	MN935331.1	Pezizomycotina
293	MW182678.1	Pezizomycotina
294	MW182669.1	Pezizomycotina
295	NC_063723.1	Pezizomycotina
296	MT036641.1	Pezizomycotina
297	MN935349.1	Pezizomycotina
298	MN935241.1	Pezizomycotina
299	MN935234.1	Pezizomycotina
300	MN935276.1	Pezizomycotina
301	MN935299.1	Pezizomycotina
302	MN935267.1	Pezizomycotina
303	MN935308.1	Pezizomycotina
304	MN935337.1	Pezizomycotina
305	MN935300.1	Pezizomycotina
306	MN935362.1	Pezizomycotina
307	MN935297.1	Pezizomycotina
308	MN935348.1	Pezizomycotina
309	MN935264.1	Pezizomycotina
310	MN935356.1	Pezizomycotina
311	MN935429.1	Pezizomycotina
312	MN935272.1	Pezizomycotina
313	MN935290.1	Pezizomycotina
314	MN935309.1	Pezizomycotina
315	MN935303.1	Pezizomycotina
316	MN935257.1	Pezizomycotina
317	MN935258.1	Pezizomycotina
318	MN935269.1	Pezizomycotina
319	MN935281.1	Pezizomycotina
320	MN935225.1	Pezizomycotina
321	MW182654.1	Pezizomycotina
322	MN935382.1	Pezizomycotina
323	MN935428.1	Pezizomycotina
324	MN935320.1	Pezizomycotina
325	MN935374.1	Pezizomycotina
326	MN935283.1	Pezizomycotina
327	MN935327.1	Pezizomycotina
328	MN935378.1	Pezizomycotina
329	MN935372.1	Pezizomycotina
330	MN935400.1	Pezizomycotina
331	MN935403.1	Pezizomycotina
332	MW182679.1	Pezizomycotina
333	MN935312.1	Pezizomycotina
334	MN935404.1	Pezizomycotina
335	MN935368.1	Pezizomycotina
336	MN935412.1	Pezizomycotina
337	MN935270.1	Pezizomycotina
338	MN935295.1	Pezizomycotina
339	MN935367.1	Pezizomycotina
340	MN935405.1	Pezizomycotina
341	MN935408.1	Pezizomycotina
342	MN935415.1	Pezizomycotina
343	MN935364.1	Pezizomycotina
344	MN935380.1	Pezizomycotina
345	MN935279.1	Pezizomycotina
346	MN935336.1	Pezizomycotina
347	MN935265.1	Pezizomycotina
348	MN935414.1	Pezizomycotina
349	MN935246.1	Pezizomycotina
350	MN935373.1	Pezizomycotina
351	MN935371.1	Pezizomycotina
352	MN935352.1	Pezizomycotina
353	MN935317.1	Pezizomycotina
354	MN935324.1	Pezizomycotina
355	MN935325.1	Pezizomycotina
356	MN935319.1	Pezizomycotina
357	MN935360.1	Pezizomycotina
358	MN935375.1	Pezizomycotina
359	MN935236.1	Pezizomycotina
360	MN935294.1	Pezizomycotina
361	MN935346.1	Pezizomycotina
362	MN935351.1	Pezizomycotina
363	MN935370.1	Pezizomycotina
364	MN935406.1	Pezizomycotina
365	MN935407.1	Pezizomycotina
366	MN935426.1	Pezizomycotina
367	MN935396.1	Pezizomycotina
368	MN935416.1	Pezizomycotina
369	MW182671.1	Pezizomycotina
370	NC_063724.1	Pezizomycotina
371	KT380885.1	Pezizomycotina
372	NC_030524.1	Pezizomycotina
373	KX066187.1	Pezizomycotina
374	KX066186.1	Pezizomycotina
375	NC_032064.1	Pezizomycotina
376	MW182660.1	Pezizomycotina
377	NC_063721.1	Pezizomycotina
378	CP098312.1	Pezizomycotina
379	CP098280.1	Pezizomycotina
380	KX066185.1	Pezizomycotina
381	NC_032063.1	Pezizomycotina
382	KY369195.1	Pezizomycotina
383	NC_034786.1	Pezizomycotina
384	MH359411.1	Pezizomycotina
385	NC_042185.1	Pezizomycotina
386	KY853549.1	Pezizomycotina
387	NC_035826.1	Pezizomycotina
388	KC832409.1	Pezizomycotina
389	MW042690.1	Pezizomycotina
390	MG712773.1	Pezizomycotina
391	NC_039355.1	Pezizomycotina
392	MH359408.1	Pezizomycotina
393	CP098288.1	Pezizomycotina
394	MG807882.1	Pezizomycotina
395	NC_040007.1	Pezizomycotina
396	MT108299.1	Pezizomycotina
397	NC_054243.1	Pezizomycotina
398	MT457782.1	Pezizomycotina
399	NC_054159.1	Pezizomycotina
400	MG696867.1	Pezizomycotina
401	NC_039163.1	Pezizomycotina
402	KX453765.1	Pezizomycotina
403	NC_036039.1	Pezizomycotina
404	MG711470.1	Pezizomycotina
405	NC_037233.1	Pezizomycotina
406	MG711806.1	Pezizomycotina
407	NC_040159.1	Pezizomycotina
408	MT010929.1	Pezizomycotina
409	MW722165.1	Pezizomycotina
410	NC_058290.1	Pezizomycotina
411	CP098272.1	Pezizomycotina
412	CP098304.1	Pezizomycotina
413	CP075680.2	Pezizomycotina
414	MK754071.1	Pezizomycotina
415	NC_044132.1	Pezizomycotina
416	KY362513.1	Pezizomycotina
417	NC_034332.1	Pezizomycotina
418	CP064811.1	Pezizomycotina
419	KU666552.1	Pezizomycotina
420	NC_030206.1	Pezizomycotina
421	MT010923.1	Pezizomycotina
422	AY955840.1	Pezizomycotina
423	NC_007935.1	Pezizomycotina
424	JN204424.1	Pezizomycotina
425	NC_015991.1	Pezizomycotina
426	MT010924.1	Pezizomycotina
427	MW122508.1	Pezizomycotina
428	KT731105.1	Pezizomycotina
429	NC_030252.1	Pezizomycotina
430	KF650573.1	Pezizomycotina
431	NC_023126.1	Pezizomycotina
432	KX870077.1	Pezizomycotina
433	NC_031828.1	Pezizomycotina
434	KY792993.1	Pezizomycotina
435	NC_035636.1	Pezizomycotina
436	KF650572.1	Pezizomycotina
437	NC_023125.1	Pezizomycotina
438	KF650575.1	Pezizomycotina
439	NC_023128.1	Pezizomycotina
440	MT010930.1	Pezizomycotina
441	MW448543.1	Pezizomycotina
442	NC_057480.1	Pezizomycotina
443	MT010927.1	Pezizomycotina
444	MW722166.1	Pezizomycotina
445	NC_058291.1	Pezizomycotina
446	MT982436.1	Pezizomycotina
447	NC_054216.1	Pezizomycotina
448	JX910419.1	Pezizomycotina
449	NC_022681.1	Pezizomycotina
450	MT019333.1	Pezizomycotina
451	NC_049089.1	Pezizomycotina
452	MT010918.1	Pezizomycotina
453	MT010925.1	Pezizomycotina
454	MT010919.1	Pezizomycotina
455	KX987159.1	Pezizomycotina
456	NC_035940.1	Pezizomycotina
457	MH367296.1	Pezizomycotina
458	MW711788.1	Pezizomycotina
459	MG020143.1	Pezizomycotina
460	MT010931.1	Pezizomycotina
461	KY213951.1	Pezizomycotina
462	KY498478.1	Pezizomycotina
463	KC683708.1	Pezizomycotina
464	NC_026614.1	Pezizomycotina
465	MW632154.1	Pezizomycotina
466	KY498477.1	Pezizomycotina
467	OK377062.1	Pezizomycotina
468	NC_063082.1	Pezizomycotina
469	MT118658.1	Pezizomycotina
470	MT010934.1	Pezizomycotina
471	MH684411.1	Pezizomycotina
472	NC_044490.1	Pezizomycotina
473	JN088164.1	Pezizomycotina
474	NC_016955.1	Pezizomycotina
475	JN041209.1	Pezizomycotina
476	NC_016680.1	Pezizomycotina
477	MG979071.1	Pezizomycotina
478	JN088165.1	Pezizomycotina
479	NC_016957.1	Pezizomycotina
480	MT107156.1	Pezizomycotina
481	NC_047289.1	Pezizomycotina
482	MH367294.1	Pezizomycotina
483	NC_040165.1	Pezizomycotina
484	KU203675.1	Pezizomycotina
485	NC_030164.1	Pezizomycotina
486	MG920803.1	Pezizomycotina
487	NC_039633.1	Pezizomycotina
488	MT010922.1	Pezizomycotina
489	MT118657.1	Pezizomycotina
490	MH367295.1	Pezizomycotina
491	MG949117.1	Pezizomycotina
492	NC_039722.1	Pezizomycotina
493	MT010921.1	Pezizomycotina
494	KY460674.1	Pezizomycotina
495	NC_036309.1	Pezizomycotina
496	MT818175.1	Pezizomycotina
497	NC_053825.1	Pezizomycotina
498	KX885101.1	Pezizomycotina
499	MT010910.1	Pezizomycotina
500	MW307784.1	Pezizomycotina
501	MT010916.1	Pezizomycotina
502	KX885105.1	Pezizomycotina
503	MN922285.1	Pezizomycotina
504	MH922223.1	Pezizomycotina
505	NC_041489.1	Pezizomycotina
506	MH359409.1	Pezizomycotina
507	NC_042183.1	Pezizomycotina
508	MT010928.1	Pezizomycotina
509	KX034082.1	Pezizomycotina
510	KT946597.1	Pezizomycotina
511	NC_029396.1	Pezizomycotina
512	MW373711.1	Pezizomycotina
513	MW115131.1	Pezizomycotina
514	MW376862.1	Pezizomycotina
515	MW373710.1	Pezizomycotina
516	BK059186.1	Pezizomycotina
517	KX885104.1	Pezizomycotina
518	CP097909.1	Pezizomycotina
519	KX885098.1	Pezizomycotina
520	KX885099.1	Pezizomycotina
521	KX885102.1	Pezizomycotina
522	CP069113.1	Pezizomycotina
523	MK202802.1	Pezizomycotina
524	NC_041427.1	Pezizomycotina
525	KY465721.1	Pezizomycotina
526	NC_036610.1	Pezizomycotina
527	MT010915.1	Pezizomycotina
528	JN041210.1	Pezizomycotina
529	NC_016687.1	Pezizomycotina
530	MT527962.1	Pezizomycotina
531	KP137411.1	Pezizomycotina
532	NC_027509.1	Pezizomycotina
533	KX885103.1	Pezizomycotina
534	MG941021.1	Pezizomycotina
535	NC_039663.1	Pezizomycotina
536	CP031392.1	Pezizomycotina
537	MT010926.1	Pezizomycotina
538	MW929093.1	Pezizomycotina
539	KX885100.1	Pezizomycotina
540	KR139916.1	Pezizomycotina
541	NC_027660.1	Pezizomycotina
542	MT010914.1	Pezizomycotina
543	MW493386.1	Pezizomycotina
544	KR952337.1	Pezizomycotina
545	KT946595.1	Pezizomycotina
546	NC_031804.1	Pezizomycotina
547	AP024424.1	Pezizomycotina
548	MT010920.1	Pezizomycotina
549	MH015348.1	Pezizomycotina
550	MG958507.1	Pezizomycotina
551	NC_039372.1	Pezizomycotina
552	MT010912.1	Pezizomycotina
553	MG725377.1	Pezizomycotina
554	NC_039662.1	Pezizomycotina
555	MT010917.1	Pezizomycotina
556	EU053989.1	Pezizomycotina
557	NC_009746.1	Pezizomycotina
558	MK314734.1	Pezizomycotina
559	NC_042413.1	Pezizomycotina
560	KF650574.1	Pezizomycotina
561	NC_023127.1	Pezizomycotina
562	MG543071.1	Pezizomycotina
563	NC_037198.1	Pezizomycotina
564	MK110677.1	Pezizomycotina
565	KY775582.1	Pezizomycotina
566	NC_035508.1	Pezizomycotina
567	MT010909.1	Pezizomycotina
568	MN960692.1	Pezizomycotina
569	MW192443.1	Pezizomycotina
570	MW192442.1	Pezizomycotina
571	MH734937.2	Pezizomycotina
572	MT010933.1	Pezizomycotina
573	MT010913.1	Pezizomycotina
574	MT010911.1	Pezizomycotina
575	MT269799.1	Pezizomycotina
576	MK318967.1	Pezizomycotina
577	NC_042822.1	Pezizomycotina
578	KY644696.1	Pezizomycotina
579	NC_035254.1	Pezizomycotina
580	MN583265.1	Pezizomycotina
581	MT269798.1	Pezizomycotina
582	MT010932.1	Pezizomycotina
583	MT118659.1	Pezizomycotina
584	MT471267.1	Pezizomycotina
585	NC_054274.1	Pezizomycotina
586	MF155191.1	Pezizomycotina
587	JQ015302.1	Pezizomycotina
588	NC_018359.1	Pezizomycotina
589	KX450332.1	Pezizomycotina
590	NC_031375.1	Pezizomycotina
591	MG686615.1	Pezizomycotina
592	NC_039132.1	Pezizomycotina
593	KF169905.1	Pezizomycotina
594	MN259515.1	Pezizomycotina
595	KT201147.1	Pezizomycotina
596	NC_030635.1	Pezizomycotina
597	EU090238.1	Pezizomycotina
598	NC_010222.1	Pezizomycotina
599	MH374028.1	Pezizomycotina
600	JN031566.1	Pezizomycotina
601	NC_015789.1	Pezizomycotina
602	KU881725.1	Pezizomycotina
603	NC_030340.1	Pezizomycotina
604	AF447590.1	Pezizomycotina
605	NC_003388.1	Pezizomycotina
606	MW030499.1	Pezizomycotina
607	MN259514.1	Pezizomycotina
608	OK336421.1	Pezizomycotina
609	NC_062622.1	Pezizomycotina
610	MT118656.1	Pezizomycotina
611	KU668563.1	Pezizomycotina
612	NC_036667.1	Pezizomycotina
613	MN239093.1	Pezizomycotina
614	NC_056323.1	Pezizomycotina
615	MW387533.1	Pezizomycotina
616	MK307916.1	Pezizomycotina
617	MT118655.1	Pezizomycotina
618	NC_046826.1	Pezizomycotina
619	KU308740.1	Pezizomycotina
620	NC_030051.1	Pezizomycotina
621	KY364635.1	Pezizomycotina
622	NC_034779.1	Pezizomycotina
623	KM382246.1	Pezizomycotina
624	NC_026869.1	Pezizomycotina
625	KY315997.1	Pezizomycotina
626	NC_035825.1	Pezizomycotina
627	KY362374.1	Pezizomycotina
628	NC_035730.1	Pezizomycotina
629	MH359412.1	Pezizomycotina
630	MW030498.1	Pezizomycotina
631	KT201150.1	Pezizomycotina
632	NC_030636.1	Pezizomycotina
633	CP069123.1	Pezizomycotina
634	MF595869.1	Pezizomycotina
635	MF595868.1	Pezizomycotina
636	MK637641.1	Pezizomycotina
637	NC_045905.1	Pezizomycotina
638	MZ678774.1	Pezizomycotina
639	NC_058694.1	Pezizomycotina
640	MN657180.1	Pezizomycotina
641	KF953885.1	Pezizomycotina
642	NC_023540.1	Pezizomycotina
643	MN661341.1	Pezizomycotina
644	KT918406.1	Pezizomycotina
645	NC_029213.1	Pezizomycotina
646	CP019482.1	Pezizomycotina
647	OK512878.1	Pezizomycotina
648	NC_061970.1	Pezizomycotina
649	MN657181.1	Pezizomycotina
650	NC_050879.1	Pezizomycotina
651	MK294991.1	Pezizomycotina
652	AY347307.1	Pezizomycotina
653	NC_005256.1	Pezizomycotina
654	KU761331.1	Pezizomycotina
655	KU761330.1	Pezizomycotina
656	KU761332.1	Pezizomycotina
657	KU761329.1	Pezizomycotina
658	KX455872.1	Pezizomycotina
659	NC_031384.1	Pezizomycotina
660	CP060338.1	Pezizomycotina
661	MN842262.1	Pezizomycotina
662	NC_046839.1	Pezizomycotina
663	MH924828.1	Pezizomycotina
664	AY945289.1	Pezizomycotina
665	NC_017930.1	Pezizomycotina
666	MW387534.1	Pezizomycotina
667	MN515031.1	Pezizomycotina
668	KP722501.2	Pezizomycotina
669	KY774449.1	Pezizomycotina
670	NC_035496.1	Pezizomycotina
671	EU100743.1	Pezizomycotina
672	NC_011194.1	Pezizomycotina
673	DQ217399.1	Pezizomycotina
674	NC_007597.1	Pezizomycotina
675	KF432176.1	Pezizomycotina
676	NC_022834.1	Pezizomycotina
677	JQ435097.1	Pezizomycotina
678	NC_017896.1	Pezizomycotina
679	OK505612.1	Pezizomycotina
680	NC_061540.1	Pezizomycotina
681	KM245566.1	Pezizomycotina
682	NC_025570.1	Pezizomycotina
683	MF287973.1	Pezizomycotina
684	NC_036144.1	Pezizomycotina
685	MN125601.1	Pezizomycotina
686	NC_048477.1	Pezizomycotina
687	LC604067.1	Pezizomycotina
688	LC612919.1	Pezizomycotina
689	LC545447.1	Pezizomycotina
690	MH359410.1	Pezizomycotina
691	NC_042184.1	Pezizomycotina
692	EU100742.1	Pezizomycotina
693	KY318514.1	Pezizomycotina
694	NC_033907.1	Pezizomycotina
695	KY360311.1	Pezizomycotina
696	NC_035550.1	Pezizomycotina
697	KP719096.1	Pezizomycotina
698	KP722505.2	Pezizomycotina
699	MH211587.1	Pezizomycotina
700	JQ346808.1	Pezizomycotina
701	JQ346809.1	Pezizomycotina
702	MW560465.1	Pezizomycotina
703	CP017352.1	Pezizomycotina
704	KP725058.1	Pezizomycotina
705	NC_026920.1	Pezizomycotina
706	MK482392.1	Pezizomycotina
707	MK234910.1	Pezizomycotina
708	OK267389.1	Pezizomycotina
709	NC_060509.1	Pezizomycotina
710	MK038875.1	Pezizomycotina
711	MW816869.1	Pezizomycotina
712	LC670769.1	Pezizomycotina
713	MH211586.1	Pezizomycotina
714	AP024433.1	Pezizomycotina
715	AP024442.1	Pezizomycotina
716	MK061298.1	Pezizomycotina
717	NC_040166.1	Pezizomycotina
718	DQ207726.1	Pezizomycotina
719	NC_007445.1	Pezizomycotina
720	CP071122.1	Pezizomycotina
721	MK697668.1	Pezizomycotina
722	AY916130.1	Pezizomycotina
723	NC_007394.1	Pezizomycotina
724	KR349346.1	Pezizomycotina
725	NC_027280.1	Pezizomycotina
726	KU196965.1	Pezizomycotina
727	NC_029706.1	Pezizomycotina
728	OK267386.1	Pezizomycotina
729	OK267388.1	Pezizomycotina
730	NC_060508.1	Pezizomycotina
731	MK802879.1	Pezizomycotina
732	NC_060570.1	Pezizomycotina
733	OK267387.1	Pezizomycotina
734	JQ346807.1	Pezizomycotina
735	NC_017016.1	Pezizomycotina
736	MK321681.1	Pezizomycotina
737	NC_044483.1	Pezizomycotina
738	KP722502.2	Pezizomycotina
739	KP742838.1	Pezizomycotina
740	NC_029194.1	Pezizomycotina
741	CP084950.1	Pezizomycotina
742	MT197497.1	Pezizomycotina
743	NC_048507.1	Pezizomycotina
744	OK267391.1	Pezizomycotina
745	NC_060511.1	Pezizomycotina
746	KP722507.2	Pezizomycotina
747	KU375885.1	Pezizomycotina
748	NC_030052.1	Pezizomycotina
749	KR952346.1	Pezizomycotina
750	NC_037075.1	Pezizomycotina
751	CP084942.1	Pezizomycotina
752	EU371503.2	Pezizomycotina
753	NC_010652.2	Pezizomycotina
754	MW387535.1	Pezizomycotina
755	KT201149.1	Pezizomycotina
756	KU869769.1	Pezizomycotina
757	KR952335.1	Pezizomycotina
758	NC_027416.1	Pezizomycotina
759	MT495248.1	Pezizomycotina
760	NC_052832.1	Pezizomycotina
761	AP024468.1	Pezizomycotina
762	KP719097.1	Pezizomycotina
763	MZ714576.1	Pezizomycotina
764	KU687109.1	Pezizomycotina
765	NC_030218.1	Pezizomycotina
766	MZ714581.1	Pezizomycotina
767	MZ714583.1	Pezizomycotina
768	MZ714577.1	Pezizomycotina
769	MZ714580.1	Pezizomycotina
770	MZ714579.1	Pezizomycotina
771	CP061812.1	Pezizomycotina
772	MZ714578.1	Pezizomycotina
773	AP007176.1	Pezizomycotina
774	NC_008282.1	Pezizomycotina
775	KY352472.1	Pezizomycotina
776	MZ714575.1	Pezizomycotina
777	MZ714582.1	Pezizomycotina
778	JX129489.1	Pezizomycotina
779	NC_018100.1	Pezizomycotina
780	MK124769.1	Pezizomycotina
781	NC_041445.1	Pezizomycotina
782	AP014506.1	Pezizomycotina
783	HQ622809.1	Pezizomycotina
784	NC_015080.1	Pezizomycotina
785	CP034382.1	Pezizomycotina
786	LC602355.1	Pezizomycotina
787	MK672942.1	Pezizomycotina
788	NC_051494.1	Pezizomycotina
789	KT201148.1	Pezizomycotina
790	OK267390.1	Pezizomycotina
791	NC_060510.1	Pezizomycotina
792	MZ595008.1	Pezizomycotina
793	NC_058594.1	Pezizomycotina
794	MZ292901.1	Pezizomycotina
795	NC_063562.1	Pezizomycotina
796	JN696111.1	Pezizomycotina
797	NC_016187.1	Pezizomycotina
798	CP047257.1	Pezizomycotina
799	FJ385028.1	Pezizomycotina
800	NC_012828.1	Pezizomycotina
801	KY353115.1	Pezizomycotina
802	NC_034790.1	Pezizomycotina
803	MW715691.1	Pezizomycotina
804	NC_059911.1	Pezizomycotina
805	KP722496.2	Pezizomycotina
806	KU530219.1	Pezizomycotina
807	NC_030172.1	Pezizomycotina
808	KX061492.1	Pezizomycotina
809	NC_032302.1	Pezizomycotina
810	KF297618.1	Pezizomycotina
811	NC_022708.1	Pezizomycotina
812	CP071114.1	Pezizomycotina
813	AP024451.1	Pezizomycotina
814	OK075294.1	Pezizomycotina
815	MN564945.1	Pezizomycotina
816	MZ713368.1	Pezizomycotina
817	MT816499.1	Pezizomycotina
818	MK919205.1	Pezizomycotina
819	NC_047444.1	Pezizomycotina
820	MK069583.1	Pezizomycotina
821	NC_043850.1	Pezizomycotina
822	MN960691.1	Pezizomycotina
823	CP095198.1	Pezizomycotina
824	KF757229.1	Pezizomycotina
825	NC_023268.1	Pezizomycotina
826	KP722513.2	Pezizomycotina
827	KP722512.2	Pezizomycotina
828	KU168424.1	Pezizomycotina
829	NC_029759.1	Pezizomycotina
830	DQ351941.1	Pezizomycotina
831	NC_008248.1	Pezizomycotina
832	AB568599.1	Pezizomycotina
833	NC_015923.1	Pezizomycotina
834	MW464866.1	Pezizomycotina
835	FJ385026.1	Pezizomycotina
836	NC_012824.1	Pezizomycotina
837	KR055655.1	Pezizomycotina
838	NC_027422.1	Pezizomycotina
839	KX257489.1	Pezizomycotina
840	NC_030600.1	Pezizomycotina
841	KX931017.1	Pezizomycotina
842	KP722500.2	Pezizomycotina
843	KR704425.1	Pezizomycotina
844	NC_029238.1	Pezizomycotina
845	AB568600.1	Pezizomycotina
846	MK674497.1	Pezizomycotina
847	KT585676.1	Pezizomycotina
848	NC_028330.1	Pezizomycotina
849	KF479445.1	Pezizomycotina
850	NC_022835.1	Pezizomycotina
851	KY924879.1	Pezizomycotina
852	KY924880.1	Pezizomycotina
853	KY924881.1	Pezizomycotina
854	KY924882.1	Pezizomycotina
855	NC_036382.1	Pezizomycotina
856	MT219828.1	Pezizomycotina
857	KY924883.1	Pezizomycotina
858	CP058939.1	Pezizomycotina
859	LR792747.1	Pezizomycotina
860	KR864756.1	Pezizomycotina
861	KY315996.1	Pezizomycotina
862	NC_035824.1	Pezizomycotina
863	AY884128.1	Pezizomycotina
864	NC_008068.1	Pezizomycotina
865	MN904747.1	Pezizomycotina
866	NC_046840.1	Pezizomycotina
867	KR864757.1	Pezizomycotina
868	NC_029851.1	Pezizomycotina
869	AF487277.1	Pezizomycotina
870	NC_004514.1	Pezizomycotina
871	MN593345.1	Pezizomycotina
872	FJ385027.1	Pezizomycotina
873	NC_012826.1	Pezizomycotina
874	MG592681.1	Pezizomycotina
875	MK512381.1	Pezizomycotina
876	FJ385029.1	Pezizomycotina
877	NC_012830.1	Pezizomycotina
878	FJ385030.1	Pezizomycotina
879	NC_012832.1	Pezizomycotina
880	MT447058.1	Pezizomycotina
881	NC_049079.1	Pezizomycotina
882	KX011536.1	Pezizomycotina
883	NC_030334.1	Pezizomycotina
884	MW019427.1	Pezizomycotina
885	NC_059725.1	Pezizomycotina
886	MN635609.1	Pezizomycotina
887	NC_056378.1	Pezizomycotina
888	NC_026534.1	Pezizomycotina
889	MT447075.1	Saccharomycotina
890	NC_050845.1	Saccharomycotina
891	MT442064.1	Saccharomycotina
892	MT442070.1	Saccharomycotina
893	MW147605.1	Saccharomycotina
894	NC_057617.1	Saccharomycotina
895	MT433103.1	Saccharomycotina
896	NC_050376.1	Saccharomycotina
897	MT433104.1	Saccharomycotina
898	CP006515.1	Saccharomycotina
899	MT449695.1	Saccharomycotina
900	MT447077.1	Saccharomycotina
901	MT444157.1	Saccharomycotina
902	NC_050844.1	Saccharomycotina
903	MT442069.1	Saccharomycotina
904	NC_050344.1	Saccharomycotina
905	CP006534.1	Saccharomycotina
906	CP030978.1	Saccharomycotina
907	CP006482.2	Saccharomycotina
908	KF214632.1	Saccharomycotina
909	NC_022435.1	Saccharomycotina
910	CP006513.1	Saccharomycotina
911	CP006512.1	Saccharomycotina
912	MT447074.1	Saccharomycotina
913	MT433101.1	Saccharomycotina
914	KX657745.1	Saccharomycotina
915	CP006508.1	Saccharomycotina
916	CP006497.1	Saccharomycotina
917	CP006511.2	Saccharomycotina
918	CP006495.1	Saccharomycotina
919	CP006494.1	Saccharomycotina
920	CP006518.1	Saccharomycotina
921	CP006558.1	Saccharomycotina
922	CP006540.2	Saccharomycotina
923	MG269479.1	Saccharomycotina
924	CP006523.1	Saccharomycotina
925	CP006490.1	Saccharomycotina
926	CP006489.1	Saccharomycotina
927	CP006481.1	Saccharomycotina
928	CP006533.1	Saccharomycotina
929	CP046098.1	Saccharomycotina
930	CP006478.1	Saccharomycotina
931	CP006484.1	Saccharomycotina
932	CP022982.1	Saccharomycotina
933	CP063273.1	Saccharomycotina
934	EU004203.1	Saccharomycotina
935	CP030961.1	Saccharomycotina
936	CP089116.1	Saccharomycotina
937	CP089133.1	Saccharomycotina
938	CP006524.1	Saccharomycotina
939	MT442066.1	Saccharomycotina
940	CP020139.1	Saccharomycotina
941	MT433116.1	Saccharomycotina
942	CP006483.1	Saccharomycotina
943	NC_001224.1	Saccharomycotina
944	KP263414.1	Saccharomycotina
945	CP014469.1	Saccharomycotina
946	CP059539.1	Saccharomycotina
947	CP006529.1	Saccharomycotina
948	CP036470.1	Saccharomycotina
949	CP006535.1	Saccharomycotina
950	KX657747.1	Saccharomycotina
951	KP712800.1	Saccharomycotina
952	CP006510.1	Saccharomycotina
953	CP006531.1	Saccharomycotina
954	MW367978.1	Saccharomycotina
955	CP006475.1	Saccharomycotina
956	CP020190.1	Saccharomycotina
957	CP006546.1	Saccharomycotina
958	CP006480.1	Saccharomycotina
959	CP006565.1	Saccharomycotina
960	CP006514.1	Saccharomycotina
961	CP006485.1	Saccharomycotina
962	CP006491.2	Saccharomycotina
963	CP006528.1	Saccharomycotina
964	CP006496.1	Saccharomycotina
965	KP712790.1	Saccharomycotina
966	CP006543.1	Saccharomycotina
967	MT442065.1	Saccharomycotina
968	CP006532.1	Saccharomycotina
969	CP006519.1	Saccharomycotina
970	CP006557.1	Saccharomycotina
971	KP712805.1	Saccharomycotina
972	CP006551.2	Saccharomycotina
973	CP006488.1	Saccharomycotina
974	CP006516.1	Saccharomycotina
975	CP006526.1	Saccharomycotina
976	CP020207.1	Saccharomycotina
977	KP712778.1	Saccharomycotina
978	CP006554.1	Saccharomycotina
979	CP006486.1	Saccharomycotina
980	CP006479.1	Saccharomycotina
981	CP006544.1	Saccharomycotina
982	KP712791.1	Saccharomycotina
983	MT442063.1	Saccharomycotina
984	MT433115.1	Saccharomycotina
985	NC_050382.1	Saccharomycotina
986	LN907800.1	Saccharomycotina
987	CP004115.1	Saccharomycotina
988	AP012028.1	Saccharomycotina
989	CP006547.1	Saccharomycotina
990	CP006559.1	Saccharomycotina
991	KP712784.1	Saccharomycotina
992	CP020173.1	Saccharomycotina
993	CP006509.1	Saccharomycotina
994	CP006525.1	Saccharomycotina
995	KP712801.1	Saccharomycotina
996	CP006541.2	Saccharomycotina
997	MT433107.1	Saccharomycotina
998	NC_050378.1	Saccharomycotina
999	MT433118.1	Saccharomycotina
1000	CP020156.1	Saccharomycotina
1001	CP006521.1	Saccharomycotina
1002	MT433109.1	Saccharomycotina
1003	NC_050379.1	Saccharomycotina
1004	CP006493.1	Saccharomycotina
1005	CP006517.1	Saccharomycotina
1006	MT442061.1	Saccharomycotina
1007	CP006527.1	Saccharomycotina
1008	MG269481.1	Saccharomycotina
1009	CP006549.1	Saccharomycotina
1010	CP006474.1	Saccharomycotina
1011	CP006538.1	Saccharomycotina
1012	CP006492.1	Saccharomycotina
1013	CP006564.1	Saccharomycotina
1014	CP006477.1	Saccharomycotina
1015	CP006536.1	Saccharomycotina
1016	KX657746.1	Saccharomycotina
1017	KY287650.1	Saccharomycotina
1018	MG269480.1	Saccharomycotina
1019	CP006563.1	Saccharomycotina
1020	MT442062.1	Saccharomycotina
1021	NC_050342.1	Saccharomycotina
1022	CP006522.2	Saccharomycotina
1023	MT442060.1	Saccharomycotina
1024	NC_050341.1	Saccharomycotina
1025	CP006555.1	Saccharomycotina
1026	CP006487.1	Saccharomycotina
1027	CP006530.2	Saccharomycotina
1028	KP712803.1	Saccharomycotina
1029	CP064149.1	Saccharomycotina
1030	CP006556.1	Saccharomycotina
1031	MT442071.1	Saccharomycotina
1032	MW367979.1	Saccharomycotina
1033	CP006498.1	Saccharomycotina
1034	CP006504.1	Saccharomycotina
1035	CP006476.1	Saccharomycotina
1036	CP006500.1	Saccharomycotina
1037	KR260476.1	Saccharomycotina
1038	NC_027264.1	Saccharomycotina
1039	CP006501.1	Saccharomycotina
1040	CP006502.1	Saccharomycotina
1041	CP006505.1	Saccharomycotina
1042	CP006506.1	Saccharomycotina
1043	CP006499.1	Saccharomycotina
1044	CP006503.1	Saccharomycotina
1045	CP006507.1	Saccharomycotina
1046	KP712785.1	Saccharomycotina
1047	KP712797.1	Saccharomycotina
1048	MW367976.1	Saccharomycotina
1049	NC_059893.1	Saccharomycotina
1050	CP006560.2	Saccharomycotina
1051	CP006562.1	Saccharomycotina
1052	CP006542.1	Saccharomycotina
1053	CP006561.1	Saccharomycotina
1054	KP712781.1	Saccharomycotina
1055	CP006550.2	Saccharomycotina
1056	KP712783.1	Saccharomycotina
1057	MT433111.1	Saccharomycotina
1058	NC_050380.1	Saccharomycotina
1059	KY287649.1	Saccharomycotina
1060	KY287648.1	Saccharomycotina
1061	KY287643.1	Saccharomycotina
1062	CP006537.1	Saccharomycotina
1063	CP006548.1	Saccharomycotina
1064	CP020224.1	Saccharomycotina
1065	CP006520.1	Saccharomycotina
1066	KP712795.1	Saccharomycotina
1067	CP020309.1	Saccharomycotina
1068	KX657744.1	Saccharomycotina
1069	NC_031514.1	Saccharomycotina
1070	MT433108.1	Saccharomycotina
1071	KF017574.1	Saccharomycotina
1072	NC_022176.1	Saccharomycotina
1073	MT433113.1	Saccharomycotina
1074	CP006545.1	Saccharomycotina
1075	CP006553.1	Saccharomycotina
1076	KR260477.1	Saccharomycotina
1077	GQ354526.1	Saccharomycotina
1078	NC_013147.1	Saccharomycotina
1079	MT442072.1	Saccharomycotina
1080	MT433100.1	Saccharomycotina
1081	NC_050374.1	Saccharomycotina
1082	KY287647.1	Saccharomycotina
1083	KY287651.1	Saccharomycotina
1084	MT433114.1	Saccharomycotina
1085	NC_050381.1	Saccharomycotina
1086	OK514652.1	Saccharomycotina
1087	MW367982.1	Saccharomycotina
1088	CP088317.1	Saccharomycotina
1089	CP088334.1	Saccharomycotina
1090	CP006552.1	Saccharomycotina
1091	CP020241.1	Saccharomycotina
1092	KP712804.1	Saccharomycotina
1093	KY287642.1	Saccharomycotina
1094	KY287652.1	Saccharomycotina
1095	KY287653.1	Saccharomycotina
1096	KY287644.1	Saccharomycotina
1097	KY287645.1	Saccharomycotina
1098	KY287655.1	Saccharomycotina
1099	KX707788.1	Saccharomycotina
1100	NC_031185.1	Saccharomycotina
1101	KY287659.1	Saccharomycotina
1102	CP006539.1	Saccharomycotina
1103	KY287641.1	Saccharomycotina
1104	CP020326.1	Saccharomycotina
1105	KY287656.1	Saccharomycotina
1106	KY287657.1	Saccharomycotina
1107	KX707787.1	Saccharomycotina
1108	NC_031184.1	Saccharomycotina
1109	MW367980.1	Saccharomycotina
1110	KY287661.1	Saccharomycotina
1111	KP712794.1	Saccharomycotina
1112	CP020258.1	Saccharomycotina
1113	KY287660.1	Saccharomycotina
1114	KY287662.1	Saccharomycotina
1115	KX657749.1	Saccharomycotina
1116	CP020292.1	Saccharomycotina
1117	JQ862335.1	Saccharomycotina
1118	NC_018044.1	Saccharomycotina
1119	KY287646.1	Saccharomycotina
1120	KM595072.1	Saccharomycotina
1121	KP712780.1	Saccharomycotina
1122	KX657740.1	Saccharomycotina
1123	NC_031511.1	Saccharomycotina
1124	KY287658.1	Saccharomycotina
1125	KY287654.1	Saccharomycotina
1126	EU852811.1	Saccharomycotina
1127	NC_012145.1	Saccharomycotina
1128	MG916964.1	Saccharomycotina
1129	MT433106.1	Saccharomycotina
1130	KP712788.1	Saccharomycotina
1131	KP712799.1	Saccharomycotina
1132	KP712802.1	Saccharomycotina
1133	KP712792.1	Saccharomycotina
1134	KP712786.1	Saccharomycotina
1135	CP020275.1	Saccharomycotina
1136	KP712796.1	Saccharomycotina
1137	KP712782.1	Saccharomycotina
1138	CP064816.1	Saccharomycotina
1139	NW_024066106.1	Saccharomycotina
1140	KP712779.1	Saccharomycotina
1141	KP712793.1	Saccharomycotina
1142	KP712787.1	Saccharomycotina
1143	KX657741.1	Saccharomycotina
1144	AP014931.1	Saccharomycotina
1145	MW367977.1	Saccharomycotina
1146	MT433105.1	Saccharomycotina
1147	NC_050377.1	Saccharomycotina
1148	KF214631.1	Saccharomycotina
1149	NC_022434.1	Saccharomycotina
1150	MT461933.1	Saccharomycotina
1151	KX657750.1	Saccharomycotina
1152	NC_031515.1	Saccharomycotina
1153	KU888697.1	Saccharomycotina
1154	AP014935.1	Saccharomycotina
1155	AP014930.1	Saccharomycotina
1156	AP014932.1	Saccharomycotina
1157	CP049014.1	Saccharomycotina
1158	MW367981.1	Saccharomycotina
1159	MT433112.1	Saccharomycotina
1160	MT447079.1	Saccharomycotina
1161	NC_050846.1	Saccharomycotina
1162	KU888699.1	Saccharomycotina
1163	KU888698.1	Saccharomycotina
1164	KP712789.1	Saccharomycotina
1165	KU888694.1	Saccharomycotina
1166	NC_037703.1	Saccharomycotina
1167	KU888696.1	Saccharomycotina
1168	MT447080.1	Saccharomycotina
1169	KP712798.1	Saccharomycotina
1170	KX657748.1	Saccharomycotina
1171	CP083471.1	Saccharomycotina
1172	AP014934.1	Saccharomycotina
1173	KU888695.1	Saccharomycotina
1174	MT461932.1	Saccharomycotina
1175	AP014933.1	Saccharomycotina
1176	KX657742.1	Saccharomycotina
1177	NC_031512.1	Saccharomycotina
1178	KX657743.1	Saccharomycotina
1179	NC_031513.1	Saccharomycotina
1180	MT447078.1	Saccharomycotina
1181	MT534625.1	Saccharomycotina
1182	MT534626.1	Saccharomycotina
1183	KC993178.1	Saccharomycotina
1184	NC_022155.1	Saccharomycotina
1185	AP014929.1	Saccharomycotina
1186	MT442053.1	Saccharomycotina
1187	EU267175.1	Saccharomycotina
1188	NC_013830.1	Saccharomycotina
1189	MT449698.1	Saccharomycotina
1190	NC_050302.1	Saccharomycotina
1191	KC993187.1	Saccharomycotina
1192	NC_022162.1	Saccharomycotina
1193	MT433110.1	Saccharomycotina
1194	MT442068.1	Saccharomycotina
1195	MT442067.1	Saccharomycotina
1196	NC_050343.1	Saccharomycotina
1197	MT447081.1	Saccharomycotina
1198	CP060329.1	Saccharomycotina
1199	CP073040.1	Saccharomycotina
1200	MT421959.1	Saccharomycotina
1201	NC_050842.1	Saccharomycotina
1202	MT449700.1	Saccharomycotina
1203	MT449699.1	Saccharomycotina
1204	NC_050303.1	Saccharomycotina
1205	KF017572.1	Saccharomycotina
1206	NC_022174.1	Saccharomycotina
1207	MT442059.1	Saccharomycotina
1208	MT433120.1	Saccharomycotina
1209	KC993185.1	Saccharomycotina
1210	NC_022160.1	Saccharomycotina
1211	KC993173.1	Saccharomycotina
1212	NC_022151.1	Saccharomycotina
1213	MT433119.1	Saccharomycotina
1214	NC_050172.1	Saccharomycotina
1215	KC993180.1	Saccharomycotina
1216	NC_022157.1	Saccharomycotina
1217	MT433117.1	Saccharomycotina
1218	MT442058.1	Saccharomycotina
1219	NC_050340.1	Saccharomycotina
1220	NC_018056.1	Saccharomycotina
1221	CP048728.1	Saccharomycotina
1222	KC993193.1	Saccharomycotina
1223	NC_022167.1	Saccharomycotina
1224	CP028778.1	Saccharomycotina
1225	CP039616.1	Saccharomycotina
1226	CP021098.1	Saccharomycotina
1227	NC_037730.1	Saccharomycotina
1228	NC_012620.1	Saccharomycotina
1229	MK373801.1	Saccharomycotina
1230	NC_058213.1	Saccharomycotina
1231	KC993181.1	Saccharomycotina
1232	NC_016116.1	Saccharomycotina
1233	KC993183.1	Saccharomycotina
1234	NC_022159.1	Saccharomycotina
1235	MT421954.1	Saccharomycotina
1236	NC_050839.1	Saccharomycotina
1237	CP017559.1	Saccharomycotina
1238	NC_002659.1	Saccharomycotina
1239	LK934652.1	Saccharomycotina
1240	KC993177.1	Saccharomycotina
1241	CP061018.1	Saccharomycotina
1242	CP096877.1	Saccharomycotina
1243	CP027655.1	Saccharomycotina
1244	MT421960.1	Saccharomycotina
1245	KU920679.1	Saccharomycotina
1246	NC_036377.1	Saccharomycotina
1247	KC993197.1	Saccharomycotina
1248	NC_022171.1	Saccharomycotina
1249	KC993175.1	Saccharomycotina
1250	KC993198.1	Saccharomycotina
1251	NC_022153.1	Saccharomycotina
1252	NC_022172.1	Saccharomycotina
1253	AP012221.1	Saccharomycotina
1254	NC_036023.1	Saccharomycotina
1255	AP014607.1	Saccharomycotina
1256	NC_025331.1	Saccharomycotina
1257	KU920682.1	Saccharomycotina
1258	NC_036380.1	Saccharomycotina
1259	KM595074.1	Saccharomycotina
1260	NC_027459.1	Saccharomycotina
1261	KJ459951.1	Saccharomycotina
1262	NC_024094.1	Saccharomycotina
1263	MT449697.1	Saccharomycotina
1264	MT449696.1	Saccharomycotina
1265	NC_050301.1	Saccharomycotina
1266	KJ459952.1	Saccharomycotina
1267	NC_024095.1	Saccharomycotina
1268	KC993182.1	Saccharomycotina
1269	NC_022158.1	Saccharomycotina
1270	JQ236859.1	Saccharomycotina
1271	NC_020043.1	Saccharomycotina
1272	KF017573.1	Saccharomycotina
1273	NC_022175.1	Saccharomycotina
1274	HQ616673.1	Saccharomycotina
1275	NC_014805.1	Saccharomycotina
1276	KC993189.1	Saccharomycotina
1277	NC_022163.1	Saccharomycotina
1278	MK456489.1	Saccharomycotina
1279	NC_058229.1	Saccharomycotina
1280	NC_016130.1	Saccharomycotina
1281	KJ459953.1	Saccharomycotina
1282	AF285261.1	Saccharomycotina
1283	NC_002653.1	Saccharomycotina
1284	AY654900.1	Saccharomycotina
1285	NC_006077.1	Saccharomycotina
1286	KC993188.1	Saccharomycotina
1287	CP021245.1	Saccharomycotina
1288	KC993196.1	Saccharomycotina
1289	NC_022170.1	Saccharomycotina
1290	EF468347.1	Saccharomycotina
1291	NC_013839.1	Saccharomycotina
1292	EF536359.1	Saccharomycotina
1293	NC_013809.1	Saccharomycotina
1294	KM595069.1	Saccharomycotina
1295	KM595070.1	Saccharomycotina
1296	NC_027458.1	Saccharomycotina
1297	NC_013255.1	Saccharomycotina
1298	MG674287.1	Saccharomycotina
1299	NC_036748.1	Saccharomycotina
1300	MF163266.1	Saccharomycotina
1301	NC_036103.1	Saccharomycotina
1302	MK456488.1	Saccharomycotina
1303	KJ459950.1	Saccharomycotina
1304	NC_024093.1	Saccharomycotina
1305	CP058612.1	Saccharomycotina
1306	NW_023500906.1	Saccharomycotina
1307	HM594866.1	Saccharomycotina
1308	NC_015814.1	Saccharomycotina
1309	NC_012619.1	Saccharomycotina
1310	KM595068.2	Saccharomycotina
1311	NC_015384.1	Saccharomycotina
1312	MT421961.1	Saccharomycotina
1313	NC_050843.1	Saccharomycotina
1314	KM595071.1	Saccharomycotina
1315	MN317087.1	Saccharomycotina
1316	NC_016124.1	Saccharomycotina
1317	CP068458.1	Saccharomycotina
1318	KU920678.1	Saccharomycotina
1319	NC_036376.1	Saccharomycotina
1320	JQ864233.1	Saccharomycotina
1321	NC_018046.1	Saccharomycotina
1322	KU920677.1	Saccharomycotina
1323	JQ864234.1	Saccharomycotina
1324	KC993179.1	Saccharomycotina
1325	NC_022156.1	Saccharomycotina
1326	MT421956.1	Saccharomycotina
1327	MT421955.1	Saccharomycotina
1328	NC_050840.1	Saccharomycotina
1329	MT421951.1	Saccharomycotina
1330	NC_050837.1	Saccharomycotina
1331	KM595067.1	Saccharomycotina
1332	NC_027457.1	Saccharomycotina
1333	KY989230.1	Saccharomycotina
1334	KU920676.1	Saccharomycotina
1335	NC_036375.1	Saccharomycotina
1336	KC993190.1	Saccharomycotina
1337	NC_022164.1	Saccharomycotina
1338	MK373800.1	Saccharomycotina
1339	DQ376035.2	Saccharomycotina
1340	NC_005253.2	Saccharomycotina
1341	EU334437.1	Saccharomycotina
1342	NC_011133.1	Saccharomycotina
1343	KC993174.1	Saccharomycotina
1344	NC_022152.1	Saccharomycotina
1345	KC993199.1	Saccharomycotina
1346	NC_022173.1	Saccharomycotina
1347	KY989232.1	Saccharomycotina
1348	KM595076.1	Saccharomycotina
1349	KY989233.1	Saccharomycotina
1350	KM595075.1	Saccharomycotina
1351	KC993176.1	Saccharomycotina
1352	NC_022154.1	Saccharomycotina
1353	KY989234.1	Saccharomycotina
1354	NC_004918.1	Saccharomycotina
1355	HQ267968.1	Saccharomycotina
1356	NC_014612.1	Saccharomycotina
1357	GQ354525.2	Saccharomycotina
1358	NC_013145.2	Saccharomycotina
1359	CP019506.1	Saccharomycotina
1360	KX781248.1	Saccharomycotina
1361	GU126492.1	Saccharomycotina
1362	NC_014337.1	Saccharomycotina
1363	GU136397.1	Saccharomycotina
1364	NC_014693.1	Saccharomycotina
1365	DQ508940.1	Saccharomycotina
1366	NC_010166.1	Saccharomycotina
1367	KY989231.1	Saccharomycotina
1368	KU920680.1	Saccharomycotina
1369	NC_036378.1	Saccharomycotina
1370	KM595073.1	Saccharomycotina
1371	NC_027433.1	Saccharomycotina
1372	KC993184.1	Saccharomycotina
1373	KU920681.1	Saccharomycotina
1374	NC_036379.1	Saccharomycotina
1375	OM763983.1	Saccharomycotina
1376	NC_063596.1	Saccharomycotina
1377	MT849287.1	Saccharomycotina
1378	NC_053321.1	Saccharomycotina
1379	CP061163.1	Saccharomycotina
1380	NC_016126.1	Saccharomycotina
1381	HQ267969.1	Saccharomycotina
1382	NC_014613.1	Saccharomycotina
1383	D31785.1	Saccharomycotina
1384	NC_001762.1	Saccharomycotina
1385	KY989226.1	Saccharomycotina
1386	KC993191.1	Saccharomycotina
1387	NC_022165.1	Saccharomycotina
1388	CP006258.1	Saccharomycotina
1389	CP014249.1	Saccharomycotina
1390	NC_029458.1	Saccharomycotina
1391	KC993195.1	Saccharomycotina
1392	NC_022169.1	Saccharomycotina
1393	KC993194.1	Saccharomycotina
1394	NC_022168.1	Saccharomycotina
1395	KY989227.1	Saccharomycotina
1396	KY989228.1	Saccharomycotina
1397	AF437291.1	Saccharomycotina
1398	NC_003920.1	Saccharomycotina
1399	KY989229.1	Saccharomycotina
1400	DQ026513.2	Saccharomycotina
1401	MT421958.1	Saccharomycotina
1402	KC993186.1	Saccharomycotina
1403	NC_022161.1	Saccharomycotina
1404	KU920675.1	Saccharomycotina
1405	NC_036374.1	Saccharomycotina
1406	AY962591.1	Saccharomycotina
1407	NC_006971.1	Saccharomycotina
1408	MT421957.1	Saccharomycotina
1409	NC_050841.1	Saccharomycotina
1410	NC_006626.1	Saccharomycotina
1411	AE016821.1	Saccharomycotina
1412	NC_005789.1	Saccharomycotina
1413	NC_016756.1	Saccharomycotina
1414	KC993192.1	Saccharomycotina
1415	NC_022166.1	Saccharomycotina
1416	AY445918.1	Saccharomycotina
1417	NC_005972.1	Saccharomycotina
1418	AY962590.1	Saccharomycotina
1419	NC_006972.1	Saccharomycotina
1420	AY391853.2	Saccharomycotina
1421	NC_009638.1	Saccharomycotina
1422	LC532387.1	Saccharomycotina
1423	NC_004691.1	Saccharomycotina
1424	MT479166.1	Basidiomycota
1425	NC_054272.1	Basidiomycota
1426	MH725793.1	Basidiomycota
1427	NC_039441.1	Basidiomycota
1428	MT227806.1	Basidiomycota
1429	NC_050862.1	Basidiomycota
1430	MK697670.1	Basidiomycota
1431	NC_042773.1	Basidiomycota
1432	MW525445.1	Basidiomycota
1433	MN873038.1	Basidiomycota
1434	NC_046502.1	Basidiomycota
1435	HQ259115.1	Basidiomycota
1436	NC_015400.1	Basidiomycota
1437	MH823225.1	Basidiomycota
1438	NC_042769.1	Basidiomycota
1439	MN018834.1	Basidiomycota
1440	NC_044121.1	Basidiomycota
1441	MH252533.1	Basidiomycota
1442	NC_037936.1	Basidiomycota
1443	KC285587.1	Basidiomycota
1444	NC_020354.1	Basidiomycota
1445	GU723273.1	Basidiomycota
1446	NC_013933.1	Basidiomycota
1447	MT528240.1	Basidiomycota
1448	NC_050041.1	Basidiomycota
1449	JN190939.1	Basidiomycota
1450	JN190941.1	Basidiomycota
1451	JN190940.1	Basidiomycota
1452	NC_021373.1	Basidiomycota
1453	JF799107.1	Basidiomycota
1454	MH252534.1	Basidiomycota
1455	NC_037937.1	Basidiomycota
1456	KF673550.1	Basidiomycota
1457	NC_022933.1	Basidiomycota
1458	MZ615350.1	Basidiomycota
1459	MN356101.1	Basidiomycota
1460	MG602719.1	Basidiomycota
1461	NC_037757.1	Basidiomycota
1462	MN873036.1	Basidiomycota
1463	NC_046500.1	Basidiomycota
1464	MZ615352.1	Basidiomycota
1465	KP410262.1	Basidiomycota
1466	NC_026782.1	Basidiomycota
1467	CP060321.1	Basidiomycota
1468	MN004749.1	Basidiomycota
1469	NC_044103.1	Basidiomycota
1470	MH794153.1	Basidiomycota
1471	NC_042699.1	Basidiomycota
1472	MK993556.1	Basidiomycota
1473	NC_045196.1	Basidiomycota
1474	LC385608.1	Basidiomycota
1475	MZ066603.1	Basidiomycota
1476	MZ066602.1	Basidiomycota
1477	MZ066600.1	Basidiomycota
1478	MZ066601.1	Basidiomycota
1479	JX985789.1	Basidiomycota
1480	NC_028135.1	Basidiomycota
1481	MZ042935.1	Basidiomycota
1482	MZ066593.1	Basidiomycota
1483	MZ066594.1	Basidiomycota
1484	MZ066595.1	Basidiomycota
1485	MZ066596.1	Basidiomycota
1486	MZ066597.1	Basidiomycota
1487	MZ066598.1	Basidiomycota
1488	MZ066599.1	Basidiomycota
1489	MN873034.1	Basidiomycota
1490	MZ066606.1	Basidiomycota
1491	MZ066607.1	Basidiomycota
1492	MZ066604.1	Basidiomycota
1493	MZ066605.1	Basidiomycota
1494	MG017445.1	Basidiomycota
1495	NC_036999.1	Basidiomycota
1496	MH447975.1	Basidiomycota
1497	NC_038224.1	Basidiomycota
1498	MG602716.1	Basidiomycota
1499	NC_037756.1	Basidiomycota
1500	MW752412.1	Basidiomycota
1501	EF204913.1	Basidiomycota
1502	NC_009905.1	Basidiomycota
1503	KY007042.1	Basidiomycota
1504	NC_033903.1	Basidiomycota
1505	KX827267.1	Basidiomycota
1506	NC_033533.1	Basidiomycota
1507	MG652610.1	Basidiomycota
1508	NC_038091.1	Basidiomycota
1509	MN116502.1	Basidiomycota
1510	NC_061177.1	Basidiomycota
1511	MW580876.1	Basidiomycota
1512	NC_059951.1	Basidiomycota
1513	MH138072.1	Basidiomycota
1514	NC_037773.1	Basidiomycota
1515	MZ647487.1	Basidiomycota
1516	NC_058596.1	Basidiomycota
1517	MT843212.1	Basidiomycota
1518	MH138073.1	Basidiomycota
1519	NC_037774.1	Basidiomycota
1520	MN563752.1	Basidiomycota
1521	NC_061293.1	Basidiomycota
1522	MT479165.1	Basidiomycota
1523	NC_054271.1	Basidiomycota
1524	MH794152.1	Basidiomycota
1525	NC_042698.1	Basidiomycota
1526	MT843214.1	Basidiomycota
1527	MT843218.1	Basidiomycota
1528	MH647060.1	Basidiomycota
1529	NC_044971.1	Basidiomycota
1530	MW291577.1	Basidiomycota
1531	NC_057083.1	Basidiomycota
1532	MK697669.1	Basidiomycota
1533	NC_042772.1	Basidiomycota
1534	DQ993184.1	Basidiomycota
1535	NC_009880.1	Basidiomycota
1536	MH725800.1	Basidiomycota
1537	NC_039443.1	Basidiomycota
1538	MH647062.1	Basidiomycota
1539	FQ859090.1	Basidiomycota
1540	MT843220.1	Basidiomycota
1541	MZ615351.1	Basidiomycota
1542	MN623377.1	Basidiomycota
1543	NC_045218.1	Basidiomycota
1544	MH647061.1	Basidiomycota
1545	MK993557.1	Basidiomycota
1546	NC_045197.1	Basidiomycota
1547	MK993559.1	Basidiomycota
1548	NC_045199.1	Basidiomycota
1549	MT843216.1	Basidiomycota
1550	MZ352929.1	Basidiomycota
1551	MW752413.1	Basidiomycota
1552	KX394364.1	Basidiomycota
1553	MN427435.1	Basidiomycota
1554	NC_045229.1	Basidiomycota
1555	MN565028.1	Basidiomycota
1556	NC_045293.1	Basidiomycota
1557	MH319479.1	Basidiomycota
1558	NC_038056.1	Basidiomycota
1559	MG017444.1	Basidiomycota
1560	NC_036998.1	Basidiomycota
1561	KC763799.1	Basidiomycota
1562	NC_021750.1	Basidiomycota
1563	MT843219.1	Basidiomycota
1564	MT843211.1	Basidiomycota
1565	MN893302.1	Basidiomycota
1566	KY911091.1	Basidiomycota
1567	MK993558.1	Basidiomycota
1568	NC_045198.1	Basidiomycota
1569	EF536375.1	Basidiomycota
1570	NC_010651.1	Basidiomycota
1571	MG775432.1	Basidiomycota
1572	NC_037239.1	Basidiomycota
1573	MK993562.1	Basidiomycota
1574	NC_045202.1	Basidiomycota
1575	MK623260.1	Basidiomycota
1576	NC_044678.1	Basidiomycota
1577	MT843217.1	Basidiomycota
1578	MN906014.1	Basidiomycota
1579	KC573037.1	Basidiomycota
1580	NC_020368.1	Basidiomycota
1581	MH138074.1	Basidiomycota
1582	NC_037775.1	Basidiomycota
1583	CP034275.1	Basidiomycota
1584	MH252532.1	Basidiomycota
1585	MK623261.1	Basidiomycota
1586	NC_044679.1	Basidiomycota
1587	LC565488.1	Basidiomycota
1588	MT843210.1	Basidiomycota
1589	MT843213.1	Basidiomycota
1590	MH252531.1	Basidiomycota
1591	MT765269.1	Basidiomycota
1592	MW255594.1	Basidiomycota
1593	NC_059895.1	Basidiomycota
1594	DQ157700.1	Basidiomycota
1595	NC_008368.1	Basidiomycota
1596	MG602718.1	Basidiomycota
1597	MG602717.1	Basidiomycota
1598	MT765270.1	Basidiomycota
1599	MT843208.1	Basidiomycota
1600	NC_062658.1	Basidiomycota
1601	MH138075.1	Basidiomycota
1602	NC_037776.1	Basidiomycota
1603	MH643589.1	Basidiomycota
1604	NC_039589.1	Basidiomycota
1605	OL117025.1	Basidiomycota
1606	NC_063592.1	Basidiomycota
1607	MH319478.1	Basidiomycota
1608	NC_038055.1	Basidiomycota
1609	MT843221.1	Basidiomycota
1610	MW752414.1	Basidiomycota
1611	MT843215.1	Basidiomycota
1612	KY245891.1	Basidiomycota
1613	MK993554.1	Basidiomycota
1614	NC_045194.1	Basidiomycota
1615	MZ615349.1	Basidiomycota
1616	MT234668.1	Basidiomycota
1617	NC_054311.1	Basidiomycota
1618	MH447974.1	Basidiomycota
1619	NC_038223.1	Basidiomycota
1620	MW752415.1	Basidiomycota
1621	MT528241.1	Basidiomycota
1622	NC_050042.1	Basidiomycota
1623	AF402141.1	Basidiomycota
1624	NC_003049.1	Basidiomycota
1625	MN873037.1	Basidiomycota
1626	NC_046501.1	Basidiomycota
1627	MT843222.1	Basidiomycota
1628	MW683310.1	Basidiomycota
1629	MT843209.1	Basidiomycota
1630	KY911083.1	Basidiomycota
1631	MW683311.1	Basidiomycota
1632	MW683315.1	Basidiomycota
1633	MT765267.1	Basidiomycota
1634	MT765268.1	Basidiomycota
1635	MW683309.1	Basidiomycota
1636	MW683321.1	Basidiomycota
1637	MF422649.1	Basidiomycota
1638	MW683312.1	Basidiomycota
1639	MW752416.1	Basidiomycota
1640	MW683317.1	Basidiomycota
1641	MW683318.1	Basidiomycota
1642	MZ615345.1	Basidiomycota
1643	KY911086.1	Basidiomycota
1644	MK714018.1	Basidiomycota
1645	MW683316.1	Basidiomycota
1646	MH319477.1	Basidiomycota
1647	NC_038206.1	Basidiomycota
1648	MH138076.1	Basidiomycota
1649	NC_037777.1	Basidiomycota
1650	MW683320.1	Basidiomycota
1651	KY911082.1	Basidiomycota
1652	MW683313.1	Basidiomycota
1653	KY911081.1	Basidiomycota
1654	KY911085.1	Basidiomycota
1655	KY911084.1	Basidiomycota
1656	MW683314.1	Basidiomycota
1657	MH319476.1	Basidiomycota
1658	OL790394.1	Basidiomycota
1659	NC_061401.1	Basidiomycota
1660	MF694646.1	Basidiomycota
1661	NC_036340.1	Basidiomycota
1662	MH319475.1	Basidiomycota
1663	NC_038205.1	Basidiomycota
1664	MW683308.1	Basidiomycota
1665	NC_058904.1	Basidiomycota
1666	MK623259.1	Basidiomycota
1667	NC_044677.1	Basidiomycota
1668	MZ615346.1	Basidiomycota
1669	MZ615344.1	Basidiomycota
1670	MZ615343.1	Basidiomycota
1671	MZ615348.1	Basidiomycota
1672	MT577035.1	Basidiomycota
1673	NC_054202.1	Basidiomycota
1674	MT577034.1	Basidiomycota
1675	NC_054201.1	Basidiomycota
1676	CP046241.1	Basidiomycota
1677	OM405130.1	Basidiomycota
1678	NC_061666.1	Basidiomycota
1679	MH725791.1	Basidiomycota
1680	NC_039439.1	Basidiomycota
1681	MK571437.1	Basidiomycota
1682	MZ615347.1	Basidiomycota
1683	MT267529.1	Basidiomycota
1684	NC_057510.1	Basidiomycota
1685	KY911098.1	Basidiomycota
1686	MK993564.1	Basidiomycota
1687	NC_045204.1	Basidiomycota
1688	MH138077.1	Basidiomycota
1689	MN510416.1	Basidiomycota
1690	NC_058230.1	Basidiomycota
1691	MF422655.1	Basidiomycota
1692	MF422648.1	Basidiomycota
1693	KY911097.1	Basidiomycota
1694	MF422654.1	Basidiomycota
1695	KY911094.1	Basidiomycota
1696	MF422656.1	Basidiomycota
1697	MT801082.1	Basidiomycota
1698	NC_054273.1	Basidiomycota
1699	MZ261925.1	Basidiomycota
1700	MW648990.1	Basidiomycota
1701	MW660364.1	Basidiomycota
1702	NC_056808.1	Basidiomycota
1703	MK993563.1	Basidiomycota
1704	NC_045203.1	Basidiomycota
1705	MF422651.1	Basidiomycota
1706	CP030260.1	Basidiomycota
1707	NC_039455.1	Basidiomycota
1708	KY911089.1	Basidiomycota
1709	KY911095.1	Basidiomycota
1710	KY911096.1	Basidiomycota
1711	MF422652.1	Basidiomycota
1712	KY911093.1	Basidiomycota
1713	MH319474.1	Basidiomycota
1714	NC_038054.1	Basidiomycota
1715	MW752417.1	Basidiomycota
1716	MZ439919.1	Basidiomycota
1717	MZ151416.1	Basidiomycota
1718	MK993555.1	Basidiomycota
1719	NC_045195.1	Basidiomycota
1720	MW660363.1	Basidiomycota
1721	NC_056835.1	Basidiomycota
1722	MF422653.1	Basidiomycota
1723	MF422650.1	Basidiomycota
1724	MZ202357.1	Basidiomycota
1725	KY911092.1	Basidiomycota
1726	MF422647.1	Basidiomycota
1727	NC_036422.1	Basidiomycota
1728	MT755637.1	Basidiomycota
1729	KY911087.1	Basidiomycota
1730	KY911088.1	Basidiomycota
1731	CP046440.1	Basidiomycota
1732	MZ439918.1	Basidiomycota
1733	CP033157.1	Basidiomycota
1734	GQ338834.1	Basidiomycota
1735	NC_014352.1	Basidiomycota
1736	GQ332420.1	Basidiomycota
1737	NC_014344.1	Basidiomycota
1738	MT649302.1	Basidiomycota
1739	CP025773.1	Basidiomycota
1740	MN623378.1	Basidiomycota
1741	KC628747.1	Basidiomycota
1742	NC_023248.1	Basidiomycota
1743	KY911090.1	Basidiomycota
1744	MH732752.1	Basidiomycota
1745	NC_039747.1	Basidiomycota
1746	MT663151.1	Basidiomycota
1747	MT755636.1	Basidiomycota
1748	CP048086.1	Basidiomycota
1749	CP086722.1	Basidiomycota
1750	CP022335.1	Basidiomycota
1751	CP003834.1	Basidiomycota
1752	NC_018792.1	Basidiomycota
1753	CP025731.1	Basidiomycota
1754	MT366950.1	Basidiomycota
1755	AY101381.1	Basidiomycota
1756	NC_004336.1	Basidiomycota
1757	CP048101.1	Basidiomycota
1758	MT556837.1	Basidiomycota
